datetime,temp,atemp,humidity,windspeed
2024-01-01 00:00:00,22.49080237694725,18.702658576772393,45.70234102415436,33.6351497104449
2024-01-01 01:00:00,34.01428612819832,25.838018947567164,44.81872794431999,39.834069859568615
2024-01-01 02:00:00,29.6398788362281,32.45891671752817,84.3752748312622,12.523394939624948
2024-01-01 03:00:00,26.973169683940732,29.644497728191226,44.972771990970365,31.243704980349946
2024-01-01 04:00:00,18.12037280884873,31.131222957228996,46.316983567717855,28.587299157187434
2024-01-01 05:00:00,18.119890406724053,28.175667334214346,75.56389574507782,41.64151883941356
2024-01-01 06:00:00,16.161672243363988,28.84553129035705,56.984390547032405,45.304353024063026
2024-01-01 07:00:00,32.3235229154987,31.983913031306386,76.60263341731087,0.6078385738693404
2024-01-01 08:00:00,27.022300234864176,19.993360177183717,33.92196945386311,33.700995952939635
2024-01-01 09:00:00,29.16145155592091,24.788499272862808,59.25427162040306,2.5917899559864512
2024-01-01 10:00:00,15.411689885916049,19.424188836392045,32.016816010996955,27.442933253867796
2024-01-01 11:00:00,34.39819704323989,34.75336015993294,33.75919220732127,14.38163645218391
2024-01-01 12:00:00,31.648852816008436,33.88118679373227,84.38624720066466,15.33882997610706
2024-01-01 13:00:00,19.246782213565524,15.788536227370118,38.354722267055706,17.64792517261783
2024-01-01 14:00:00,18.636499344142013,29.11150345031377,61.94524093651303,31.064622452480506
2024-01-01 15:00:00,18.668090197068675,33.50496634831332,54.66573615604239,16.70249828343846
2024-01-01 16:00:00,21.084844859190753,18.611506902546672,50.84059957553056,36.63495252951402
2024-01-01 17:00:00,25.495128632644757,26.358904611052587,83.99000074123634,20.226369278693486
2024-01-01 18:00:00,23.638900372842315,33.30976595176084,31.30940380652937,3.4176600154979306
2024-01-01 19:00:00,20.824582803960837,15.678919571715976,69.82738117053535,39.187992124205365
2024-01-01 20:00:00,27.237057894447588,28.9484053449368,87.80366605281303,14.2879162296353
2024-01-01 21:00:00,17.789877213040835,20.946980147451015,63.610091007710515,21.638343979963132
2024-01-01 22:00:00,20.842892970704362,33.48792390753061,86.20934772198551,34.27219416109508
2024-01-01 23:00:00,22.327236865873836,34.42116490330736,33.13547275716142,16.6228078574356
2024-01-02 00:00:00,24.12139968434072,33.88532978226868,55.12759914444968,2.8292828073357814
2024-01-02 01:00:00,30.703519227860273,24.484284333149276,45.60946745772307,18.69605235064068
2024-01-02 02:00:00,18.993475643167194,32.24085301978627,73.84925789884379,47.22242913471517
2024-01-02 03:00:00,25.284688768272233,31.890987970701406,88.8778254298348,32.08671986492791
2024-01-02 04:00:00,26.848291377240848,21.382009464865114,45.39180374665487,33.57395743336035
2024-01-02 05:00:00,15.929008254399955,31.57830948301355,69.25047608844446,31.614107681881993
2024-01-02 06:00:00,27.150897038028766,15.740152694309852,41.88585796558441,9.949606947971839
2024-01-02 07:00:00,18.41048247374583,26.92539756964106,63.919815274296596,20.916693205114008
2024-01-02 08:00:00,16.30103185970559,19.600176745754062,57.83594920130017,37.54698991816591
2024-01-02 09:00:00,33.977710745066666,17.411337715545578,88.32031977789222,5.068644877657958
2024-01-02 10:00:00,34.31264066149119,16.539064032584182,66.51163636178799,13.892638804485614
2024-01-02 11:00:00,31.16794696232922,28.925775517562794,50.97038232520913,13.815955423292682
2024-01-02 12:00:00,21.092275383467413,21.797499275361325,36.845747093276,21.6009463797253
2024-01-02 13:00:00,16.95344228012768,29.49533543057523,39.07480972409607,49.01843704710925
2024-01-02 14:00:00,28.684660530243136,16.307126815978847,43.519015797074104,3.375127334191097
2024-01-02 15:00:00,23.803049874792027,21.305806756612206,45.05799968041788,25.935049719029752
2024-01-02 16:00:00,17.440764696895577,25.789825847506744,81.03696347046827,8.968234100610523
2024-01-02 17:00:00,24.903538202225405,30.814463296779273,63.6733672969515,48.53382727048721
2024-01-02 18:00:00,15.687770422304368,21.3750500586414,61.403454682461984,5.66517523637321
2024-01-02 19:00:00,33.186408041575646,27.51782752874018,36.88613231215305,20.180050118079564
2024-01-02 20:00:00,20.17559963200034,32.71955496472374,81.6083816009661,36.89424924173031
2024-01-02 21:00:00,28.25044568707964,27.31726376364609,73.36885819250902,35.227721401372264
2024-01-02 22:00:00,21.23422152178822,19.659189495072674,34.0601017140001,21.136431844696613
2024-01-02 23:00:00,25.401360423556216,15.48801563113076,72.47010583378612,17.326208397635913
2024-01-03 00:00:00,25.934205586865595,32.401977478018594,62.61229304055876,19.88061892764353
2024-01-03 01:00:00,18.69708911051054,15.425388217007743,34.9035207448067,13.213813157931964
2024-01-03 02:00:00,34.39169255529117,32.49403345368399,57.498038491719385,10.26664693533999
2024-01-03 03:00:00,30.50265646722229,25.578742680544238,59.08177722780282,24.1519848779445
2024-01-03 04:00:00,33.78997883128378,33.781353970257925,39.94647240979654,13.426687803380366
2024-01-03 05:00:00,32.89654700855297,30.975664715473307,86.74188882001694,14.373083244862507
2024-01-03 06:00:00,26.957999576221702,34.95868221066675,80.99852228883972,32.837803173727856
2024-01-03 07:00:00,33.437484700462335,22.014236309034203,70.1413402397465,48.42686658499461
2024-01-03 08:00:00,16.76985004103839,30.34376577862254,57.73773366003643,30.181860027968753
2024-01-03 09:00:00,18.919657248382904,23.03861827218484,54.70593249507051,3.848973353248314
2024-01-03 10:00:00,15.90454577821076,24.597512406078177,69.05840802905725,3.779180692703349
2024-01-03 11:00:00,21.506606615265287,27.5501092643674,62.725912164414325,47.5711610422783
2024-01-03 12:00:00,22.77354579378964,32.47354228372677,33.73638635291314,14.864539515366681
2024-01-03 13:00:00,20.426980635477918,34.681669383985906,60.7501589262199,4.603349304123771
2024-01-03 14:00:00,31.57475018303859,30.365468277290365,78.38421703397037,29.952229357519077
2024-01-03 15:00:00,22.135066533871786,23.355335643346677,57.55439265581748,31.182438914513305
2024-01-03 16:00:00,20.618690193747614,23.427140045541403,33.117394653256106,32.42524100593441
2024-01-03 17:00:00,25.853921663164968,29.75164603177783,77.17669196304199,13.370101392877064
2024-01-03 18:00:00,17.818484499495252,19.775542915366046,42.08182692815846,0.7555342107237517
2024-01-03 19:00:00,31.043939615080795,17.209482262627894,45.51725009328233,48.25076847272359
2024-01-03 20:00:00,16.491012873595416,22.09244315281553,39.882381205937754,12.544652284555124
2024-01-03 21:00:00,34.73773873201034,20.744779833081637,49.81290389228985,33.801314402627376
2024-01-03 22:00:00,30.444895385933147,20.9261624091198,75.4050903413181,35.331493493935476
2024-01-03 23:00:00,18.974313630683447,19.672155020998197,61.16315157023624,30.500370853974285
2024-01-04 00:00:00,15.110442342472048,15.841863792727239,42.29287644904275,15.645369710682411
2024-01-04 01:00:00,31.309228569096682,15.357478694668277,82.66980468912246,13.554812688203288
2024-01-04 02:00:00,29.137146876952343,34.75444779472063,82.77491129709175,29.883414135135155
2024-01-04 03:00:00,29.580143360819747,23.555462674717248,82.23470550276042,43.304781680584576
2024-01-04 04:00:00,30.425406933718914,22.686532943193633,44.32777268289236,47.33668644616978
2024-01-04 05:00:00,16.480893034681806,28.5929456538614,57.07436065085929,5.295290220187882
2024-01-04 06:00:00,22.169314570885454,19.365077757301282,89.0993793684525,7.7414306298859925
2024-01-04 07:00:00,17.317381190502594,33.99922367900451,76.32074857859942,47.236812939153985
2024-01-04 08:00:00,32.26206851751187,30.726900288311043,31.63004527353359,36.82676141673963
2024-01-04 09:00:00,27.46596253655116,16.78822004624519,33.91227547562952,44.149691241488654
2024-01-04 10:00:00,21.617960497052984,23.35161551569857,57.835882608739965,10.131631706767157
2024-01-04 11:00:00,16.27116700572047,32.58236615124329,84.55321235169362,29.379293555470092
2024-01-04 12:00:00,21.219646434313244,33.8946404458282,62.32210787716285,35.056979720873684
2024-01-04 13:00:00,21.503666440534943,24.348030224997395,59.868750482057415,34.00559427234863
2024-01-04 14:00:00,29.59212356676128,27.268227784214154,36.32842199739783,20.407584543334906
2024-01-04 15:00:00,27.751149427104263,18.340678921841505,69.40680628345764,0.7697445845654238
2024-01-04 16:00:00,32.744254851526534,34.82337252273953,79.32618963601354,29.146302840213156
2024-01-04 17:00:00,24.444298503238986,19.63343402766887,52.825200450453735,12.655076958980437
2024-01-04 18:00:00,17.391884918766035,33.85463548270251,76.53671105551965,22.51271230714452
2024-01-04 19:00:00,29.2648957444599,27.992932979847367,87.8685992340487,47.879050754190864
2024-01-04 20:00:00,30.21570097233795,27.154735897577183,42.22598754766135,19.951765882121737
2024-01-04 21:00:00,26.225543951389923,25.25377022033017,61.39977787168448,41.990080333221336
2024-01-04 22:00:00,30.41934359909122,19.61339623435517,47.22827748507453,9.427030287462557
2024-01-04 23:00:00,24.875911927287817,18.530560640110167,77.57126514203037,33.62302490125144
2024-01-05 00:00:00,25.45465658763988,19.409724181403508,64.65560195286946,48.85034772194717
2024-01-05 01:00:00,23.550820367170992,18.72876524288509,68.07494505301823,5.094655043646839
2024-01-05 02:00:00,15.508382534881903,30.591689471335066,77.87484957695364,0.4159971113596006
2024-01-05 03:00:00,17.157828539866088,22.002505183334602,53.75822835974729,21.67913963163072
2024-01-05 04:00:00,15.628583713734685,16.156853531267927,84.90540410442259,4.63127415256836
2024-01-05 05:00:00,27.72820822527561,34.38205260281623,61.9817320347684,37.419217483811565
2024-01-05 06:00:00,21.287119621526536,32.67571769926852,39.47728937012088,45.727433192427945
2024-01-05 07:00:00,25.171413823294056,33.55504566390426,71.75394709012815,21.701048635437942
2024-01-05 08:00:00,33.15132947852186,34.8981564529287,77.59568102629527,12.935582107772047
2024-01-05 09:00:00,19.9858445829775,18.477904984389745,49.0057006240516,21.72016595033049
2024-01-05 10:00:00,23.207658460712594,22.924840378053176,81.43075541992518,36.17239089250005
2024-01-05 11:00:00,30.111022770860973,30.164769514081826,84.36859528594599,0.4527080790185489
2024-01-05 12:00:00,19.57596330983245,28.920412361075844,46.614269242668534,29.472699474234858
2024-01-05 13:00:00,16.53959819657586,18.0779181267971,89.01128836291332,30.664584244368953
2024-01-05 14:00:00,20.79502905827536,31.316662499812356,38.442691682925506,31.884412344796775
2024-01-05 15:00:00,18.22442574508009,19.488811436733215,42.1209401041494,12.101103999043861
2024-01-05 16:00:00,33.59395304685146,19.47635229645246,41.053490354281564,35.70263616890634
2024-01-05 17:00:00,31.16240759128834,25.73948845786827,83.63938260047223,4.56957431658882
2024-01-05 18:00:00,27.66807513020847,26.858798696834064,69.2575531394977,9.96351682334004
2024-01-05 19:00:00,32.429211803754356,26.601724156756223,39.12625699333637,43.873502332724094
2024-01-05 20:00:00,31.07344153798229,16.829736747955096,56.41940510210094,36.93615753632832
2024-01-05 21:00:00,18.731401177720716,32.549217252607605,66.91788150418813,0.6872777005672626
2024-01-05 22:00:00,32.85117996979956,20.312000851774123,35.007845099362996,12.41881301849001
2024-01-05 23:00:00,25.786844838313016,17.590298425656083,82.94498210444033,10.720324149658229
2024-01-06 00:00:00,31.14880310328125,32.774961597379544,78.21621212649211,13.540316401848628
2024-01-06 01:00:00,32.92182599846986,34.11302996459507,60.31240641459829,12.377988513994321
2024-01-06 02:00:00,21.360069499437277,32.24255234530901,88.02759691555022,3.126314787142287
2024-01-06 03:00:00,17.201038490553536,31.19032149449756,55.06565875650598,22.947025829841017
2024-01-06 04:00:00,19.558703250838832,28.104839612780435,89.04661914218987,36.63667373930826
2024-01-06 05:00:00,23.542155772525128,26.017147412182787,70.07519992821761,30.33658623587182
2024-01-06 06:00:00,31.36029531844986,16.739735198228203,68.0802763952365,33.64358342990399
2024-01-06 07:00:00,32.21461166512687,23.169064261413972,39.9572937177471,4.057458926811957
2024-01-06 08:00:00,15.139042610623815,22.45377034024628,82.91566549827864,47.57453550883936
2024-01-06 09:00:00,25.214946051551316,20.195075675206525,55.649381275236905,41.92459169215124
2024-01-06 10:00:00,23.348220062975578,29.468402273771698,39.734004346948765,40.254515924783135
2024-01-06 11:00:00,19.442156209414605,24.917514701575417,30.75645119854554,41.149190252088374
2024-01-06 12:00:00,17.397307346673657,16.62092431815296,63.585341018302955,46.63552540663807
2024-01-06 13:00:00,21.75230342807256,19.403664038996226,61.64397732736058,27.212698305684885
2024-01-06 14:00:00,33.858194078250385,28.66517527319192,73.16121734214951,10.014100893381295
2024-01-06 15:00:00,21.464058640415104,16.522617189806002,83.41548318106813,30.839180392627057
2024-01-06 16:00:00,25.37581243486732,32.02413828097538,34.76439507858177,37.14407468339695
2024-01-06 17:00:00,29.060379177903556,24.902930540279485,73.88978942042175,36.89586966770127
2024-01-06 18:00:00,22.27259204758588,24.61173154653296,41.244716645854936,26.072451208344006
2024-01-06 19:00:00,34.435641654419214,26.84815569319035,81.49062318942984,3.422935966678903
2024-01-06 20:00:00,34.24894589884222,31.493619318502983,79.14381083169937,18.55564692150639
2024-01-06 21:00:00,20.035645916507285,21.95618415804386,62.44762529913266,46.038330423167864
2024-01-06 22:00:00,24.94497011784771,28.56032305118127,72.61456791739869,29.2224454878713
2024-01-06 23:00:00,21.017566196335395,26.314639279915824,48.861006791024906,26.91659716278567
2024-01-07 00:00:00,20.696809887549353,20.340565403388425,58.27007393596888,13.442675719109676
2024-01-07 01:00:00,15.737738947090655,32.57259972710316,79.2982138626283,18.422445995828944
2024-01-07 02:00:00,27.191286679597937,30.94852043213856,57.55591183039283,44.76730445765846
2024-01-07 03:00:00,25.05358046457723,28.169036693168508,51.46789591952651,33.32315237634179
2024-01-07 04:00:00,16.029575024999787,32.011634581884834,59.65274683501799,39.36935133761664
2024-01-07 05:00:00,20.57292928473223,32.34588401919605,79.6949551462331,22.717271153382757
2024-01-07 06:00:00,33.165317719333075,29.167259534300698,50.11248284225236,31.512360972807897
2024-01-07 07:00:00,19.79123781333945,31.74026656727344,40.42569558814463,12.419180437160376
2024-01-07 08:00:00,17.897897441824462,28.949429233385672,72.72084121984685,35.27304151417432
2024-01-07 09:00:00,24.78905520555126,28.602815435206008,79.55869276248491,21.380066685166867
2024-01-07 10:00:00,34.71300908221201,27.372227564303685,36.038248711412,22.12727574073728
2024-01-07 11:00:00,19.84110543023001,30.054332791152824,44.39244676535668,32.466116228844086
2024-01-07 12:00:00,28.442710948117572,18.172102105861473,38.51831938565964,46.81403107344633
2024-01-07 13:00:00,30.23239230657435,32.617415183978565,50.87648469493,3.200317330431046
2024-01-07 14:00:00,19.752750879847994,32.436870554904644,57.021058734324754,41.23716186735038
2024-01-07 15:00:00,29.56432697223719,15.584945660691183,74.92958021779839,14.619155520609656
2024-01-07 16:00:00,22.355662654385064,31.516335011295254,69.06885509290045,22.195972725318892
2024-01-07 17:00:00,27.64611661187159,17.577397349468903,67.25571404870587,1.0956664387504478
2024-01-07 18:00:00,27.670594215217896,21.70237708518284,51.142496796579266,15.05230389171565
2024-01-07 19:00:00,25.71549368149517,29.870165125832155,80.4868531850856,25.131562131506524
2024-01-07 20:00:00,16.805795401088165,18.215197920966165,58.27723004388987,2.8088038673719504
2024-01-07 21:00:00,31.70604991178476,31.359340482381242,88.74629628090926,24.55478646915826
2024-01-07 22:00:00,21.415601299434716,31.64268355915484,68.04852829774421,46.35553144292137
2024-01-07 23:00:00,18.730370207997083,25.149354675216724,37.57588449387016,5.2696609053902606
2024-01-08 00:00:00,15.815502831095278,15.127717434336672,70.57065372452604,38.22203640377522
2024-01-08 01:00:00,26.817858863764837,20.740762663498256,49.506240925901935,20.483552668799632
2024-01-08 02:00:00,28.55128723684565,27.338538367514843,71.17963180116584,32.7586857262169
2024-01-08 03:00:00,15.331756578557123,34.62372356054847,34.178468889744344,13.011829899261468
2024-01-08 04:00:00,25.24186116598562,27.636270540333367,40.49288623055756,7.974613127067914
2024-01-08 05:00:00,19.529915503958758,20.196071621283195,81.34423553434718,8.023130713561322
2024-01-08 06:00:00,27.903455808188998,27.680114061992228,43.63077342141089,3.5245972821572327
2024-01-08 07:00:00,18.487328580099827,25.79970759431711,80.22246751457641,9.282335245062152
2024-01-08 08:00:00,28.81875476204932,30.596907903022874,46.75656530726462,33.21096924944841
2024-01-08 09:00:00,22.734706926010748,17.139612776539167,68.57291460352246,44.084530592175405
2024-01-08 10:00:00,33.73459977473469,30.22055805004056,71.64903441058986,40.70628427955809
2024-01-08 11:00:00,17.750418882919867,25.825331573522206,60.759285188703174,34.25671549372421
2024-01-08 12:00:00,21.82132702100517,34.25984007717989,48.31864060180388,5.521593170555134
2024-01-08 13:00:00,17.269470424811782,21.837443320773723,42.75866258226577,14.459372314797491
2024-01-08 14:00:00,33.49387236557126,27.652437862678962,31.991361273745575,15.490343766123448
2024-01-08 15:00:00,32.54678706761962,33.64056211020035,48.23678407444343,12.49784731988106
2024-01-08 16:00:00,20.15883255430311,17.050194559813583,69.18976743187699,25.750282985486155
2024-01-08 17:00:00,28.19968092068358,33.74456974472902,86.29828910690895,26.77769074398363
2024-01-08 18:00:00,31.344444004024318,28.757714446016266,82.27226893578313,17.84429875855551
2024-01-08 19:00:00,26.10401623198925,16.356741182103438,75.96388659211816,17.6894579368218
2024-01-08 20:00:00,25.59301156712013,21.019271338936324,77.30684059519791,41.42777989530407
2024-01-08 21:00:00,19.837045818009035,29.16344177290563,69.89909420855972,39.46464241598428
2024-01-08 22:00:00,16.862055356117985,16.347012029375435,45.61721145396018,15.389791584037283
2024-01-08 23:00:00,32.944315159066534,26.643409203525465,84.43170184234978,45.68942219366296
2024-01-09 00:00:00,33.00836114326661,21.917661139059135,70.24393871435004,47.6407508501253
2024-01-09 01:00:00,27.66202914546536,27.41831035534954,63.6264378588264,16.33712710150204
2024-01-09 02:00:00,21.780595820974014,15.914840676250257,36.65936815280887,17.721247439652743
2024-01-09 03:00:00,21.984191492253217,32.430736123047524,56.82333262838553,25.28170767109794
2024-01-09 04:00:00,29.519113577404788,34.46977938354794,57.62149627211558,47.056040626683675
2024-01-09 05:00:00,32.94220519905154,34.377557105713834,81.87381657136021,43.815971657115576
2024-01-09 06:00:00,32.741728485302346,29.993036634858495,62.798893211267306,5.12839812917949
2024-01-09 07:00:00,30.597510917152476,17.60172480261264,52.824032938224576,19.63653716357081
2024-01-09 08:00:00,27.840632923085757,30.16526391858045,88.60801971063955,27.668559487488594
2024-01-09 09:00:00,16.682799299900978,15.49173832917603,36.643235599578944,25.156623627577
2024-01-09 10:00:00,18.232574281892276,15.442471030579945,55.352905698716675,9.693153396844634
2024-01-09 11:00:00,32.97108377054158,21.472204382990824,32.52148051028432,42.940838558407734
2024-01-09 12:00:00,27.1285811931918,24.772863808093316,74.39424724601582,33.84703914984187
2024-01-09 13:00:00,15.183941032332593,30.408148356155863,85.08459313194903,41.89541874259018
2024-01-09 14:00:00,17.02943085732064,28.665907532130106,46.80223977302937,42.93821396747361
2024-01-09 15:00:00,28.270035382161115,23.918054127534965,81.50050060794726,37.41779268328699
2024-01-09 16:00:00,15.101231676924375,20.472533325633318,47.53309382771387,21.960530062485866
2024-01-09 17:00:00,18.216161028349973,34.94249000315422,84.64620969863492,30.527337750771228
2024-01-09 18:00:00,25.974675787331723,23.523626044719457,75.23771421580705,8.018270305987157
2024-01-09 19:00:00,28.837903953853864,24.02774048659351,78.29440661048632,33.68227087374539
2024-01-09 20:00:00,28.03922519005201,18.272476423833382,31.08039333602727,8.962662786964037
2024-01-09 21:00:00,19.485386189211198,30.89619097499859,87.76862142444156,34.69747952550784
2024-01-09 22:00:00,29.24358442695072,28.87364451562977,73.6002595242194,11.479908037698433
2024-01-09 23:00:00,19.744981749936002,19.41539225577521,48.285065723168,5.877565007510999
2024-01-10 00:00:00,21.507993963185356,16.647620912316853,79.76367989153081,8.26422450714787
2024-01-10 01:00:00,29.92982810236048,28.60998604149426,46.891271904895795,0.0996067609535134
2024-01-10 02:00:00,27.992657980944294,28.090224285622703,82.36523037396768,35.93698089267651
2024-01-10 03:00:00,31.98446820988356,20.465190539964187,36.75482342471622,36.620052452918955
2024-01-10 04:00:00,28.15225784600687,34.0172712450082,72.22115864764774,25.746667495662972
2024-01-10 05:00:00,26.36617206670943,18.021157835618006,62.44190859869462,8.068140052769184
2024-01-10 06:00:00,16.87349535656185,23.64669602085204,35.792068211726445,4.177716875534488
2024-01-10 07:00:00,22.35431606118867,33.872318403351976,44.51362969553034,0.9564483218643505
2024-01-10 08:00:00,20.30404735363451,23.394546338522446,30.74424217663889,8.287408848261036
2024-01-10 09:00:00,19.87979286758167,27.77051895328171,58.12607792787035,44.54277674915733
2024-01-10 10:00:00,34.46021109504891,22.951887959255885,48.07591564560002,12.076842085084088
2024-01-10 11:00:00,22.861954493335208,20.4843040469734,65.90144905786553,17.71356636086078
2024-01-10 12:00:00,32.84093110354227,34.67955295919656,47.83426846251703,5.267274224066659
2024-01-10 13:00:00,27.622772519945258,23.18668012630086,47.99514669041908,11.118065237408514
2024-01-10 14:00:00,30.896226070832967,32.881984073582686,74.5915919238962,25.961228539010257
2024-01-10 15:00:00,25.052741862103844,19.599092117821723,32.88857015870121,30.387634154782628
2024-01-10 16:00:00,26.53807769252718,19.262094080501665,84.17369971151923,12.267615708310553
2024-01-10 17:00:00,24.850353876377277,15.622681657690228,81.13583246347089,2.8866079612558604
2024-01-10 18:00:00,18.90485975596089,28.033336507517703,70.06828099358438,19.551643456369934
2024-01-10 19:00:00,29.44904230523011,22.370526874475225,65.59329420644306,11.710168546316707
2024-01-10 20:00:00,20.615447248817116,32.28716499679274,83.53814988837914,10.977696161490098
2024-01-10 21:00:00,15.486319328629076,24.464198133831143,41.11981077172287,47.99314013567276
2024-01-10 22:00:00,27.909445918143355,34.363868558294435,34.73814973144972,30.815024296286204
2024-01-10 23:00:00,18.542213588140978,18.71051031406242,44.370610194572286,27.843922158604794
2024-01-11 00:00:00,33.80917168705828,32.37246335911222,77.67469672201142,20.788755176166095
2024-01-11 01:00:00,34.07857154005175,30.531937055834835,32.080216003589,21.447216671507213
2024-01-11 02:00:00,33.29728780440897,30.41843689288104,64.96841010500938,27.045250191904042
2024-01-11 03:00:00,22.403174005108887,31.895664562337753,89.7262509714786,34.82149035180536
2024-01-11 04:00:00,15.309132330577349,30.220479818859978,81.34176563025237,35.107304809091474
2024-01-11 05:00:00,33.566371251754504,27.524406432628307,61.28674134261537,8.584695385272479
2024-01-11 06:00:00,23.563682966346285,17.624897553647752,33.81845455719854,25.00563760383135
2024-01-11 07:00:00,34.33309638087339,15.650523589825038,79.88241086314258,20.597904751705098
2024-01-11 08:00:00,34.272399541785056,33.41695695631374,65.93871049063263,43.52634831346921
2024-01-11 09:00:00,32.060189109347206,27.33300629041476,36.89597982357401,31.57094606091882
2024-01-11 10:00:00,20.888977841391714,30.930745819523526,35.63143708940137,26.62520332079909
2024-01-11 11:00:00,22.701954572038506,24.630447030251002,84.57760916619554,5.769732108945869
2024-01-11 12:00:00,32.02273343033714,17.346163779247888,70.15201577628471,30.281894466170574
2024-01-11 13:00:00,21.338440103125553,17.50371584405101,79.75720795900534,5.860195284011671
2024-01-11 14:00:00,18.38985493372185,28.711305744579427,82.73873401693604,16.860328778287602
2024-01-11 15:00:00,26.136025249167005,23.606117897989254,64.30634112289934,7.142098240716593
2024-01-11 16:00:00,33.723095483215616,19.010494534006735,61.04678110530247,34.603682351218445
2024-01-11 17:00:00,28.92059593349946,24.83189093482874,55.82564461925941,10.31260569180763
2024-01-11 18:00:00,26.4012234017873,16.284178741502682,49.01679526746716,19.5929686594013
2024-01-11 19:00:00,16.943529875415372,26.639428038287974,56.07575765152271,44.783738880938934
2024-01-11 20:00:00,27.300144533983396,20.379868088701954,76.43277934380939,10.215819169948514
2024-01-11 21:00:00,34.801077002085265,30.951182012743764,66.11540586090788,25.390253197938957
2024-01-11 22:00:00,17.801680304730482,21.207239178471475,83.55139739729077,20.9635830583011
2024-01-11 23:00:00,25.366593047274733,24.104402981636024,56.602800862751266,0.9062020522864866
2024-01-12 00:00:00,32.54746143855911,15.232410798162013,66.42537472312524,39.63790567864064
2024-01-12 01:00:00,29.815372355084087,16.448937755891176,67.87845318551932,3.4522953157299865
2024-01-12 02:00:00,28.94031481990536,22.849871128133696,65.50182973837954,23.71275104884768
2024-01-12 03:00:00,29.049681679742186,24.59877669434247,72.15802638513098,28.033914746947495
2024-01-12 04:00:00,22.189823024395103,27.000410962386074,44.246008102488375,31.421322830729352
2024-01-12 05:00:00,20.871836885289866,20.833251574186065,60.741826652747434,34.431581465393776
2024-01-12 06:00:00,31.187223109570272,28.89963772253085,36.25348816850086,12.663619176135754
2024-01-12 07:00:00,31.202267893583617,32.202447943784094,53.07067965868875,0.49893883292246866
2024-01-12 08:00:00,32.341446371602075,30.597019777866997,59.26002411727586,36.1721831177456
2024-01-12 09:00:00,33.26481105112943,15.792376506967143,69.13345557272835,26.78282996737893
2024-01-12 10:00:00,25.226847977218757,24.610138945156578,87.0318631551722,41.805885160362436
2024-01-12 11:00:00,25.030325893743992,17.098603568363497,66.03906399290136,41.06941814503472
2024-01-12 12:00:00,30.965903579335503,19.84090031725055,74.61563497059359,42.16630838939416
2024-01-12 13:00:00,27.999278615555305,34.73325186534293,60.37596356971217,24.25473299897701
2024-01-12 14:00:00,29.03933754515407,17.849910858030263,68.04624188257988,16.681419791843282
2024-01-12 15:00:00,30.91585338872202,24.97776306902712,34.25593296802641,39.5779101295685
2024-01-12 16:00:00,32.800106836351326,27.36311468636238,45.26349485051082,22.564705651462745
2024-01-12 17:00:00,21.759903137030715,29.049299410882078,51.711185592308325,9.172109820171725
2024-01-12 18:00:00,22.51165905279888,26.192973669738283,58.349601300390816,42.748700978073714
2024-01-12 19:00:00,16.87963879681738,15.195416948383674,32.738924730143026,44.127993838617364
2024-01-12 20:00:00,26.56560281992348,21.529226164879837,38.401445853199064,23.315487807008505
2024-01-12 21:00:00,15.718845475934842,25.35423286769423,46.60885846747834,3.7849863654893734
2024-01-12 22:00:00,24.311960362649202,16.757329982896668,88.29196145406304,19.391304495846562
2024-01-12 23:00:00,25.85289269415153,22.012538624183616,49.88082042618305,40.17688297313017
2024-01-13 00:00:00,20.730825042565687,15.66406217582733,58.92246348672495,45.088701427311435
2024-01-13 01:00:00,26.816665211380215,16.571569943100414,41.76586276430358,10.173637124879791
2024-01-13 02:00:00,15.610004998780989,22.93846552403192,66.64680426454609,3.348680601263576
2024-01-13 03:00:00,15.746963774984287,17.654315080861206,46.84099293095846,43.86752265664193
2024-01-13 04:00:00,31.452011213193167,26.35081696523116,42.419554706305604,19.470246948943764
2024-01-13 05:00:00,22.20381282822526,28.789299382745313,60.99435770675875,27.088048213378162
2024-01-13 06:00:00,17.541210253037697,31.011733982181656,30.33034794962525,48.40329060253794
2024-01-13 07:00:00,25.444865201096086,19.0030048848962,30.45984195895352,3.3282363957111425
2024-01-13 08:00:00,30.399871061972217,18.349651645181396,43.14412854611147,32.41590037260478
2024-01-13 09:00:00,19.316420549936865,17.091356806688005,32.20328175004927,3.7052711287433535
2024-01-13 10:00:00,27.457809516380003,27.728604990872732,36.48154524784148,18.77344642332502
2024-01-13 11:00:00,16.70694929987536,29.129514529738024,50.331638960325094,40.190727259672336
2024-01-13 12:00:00,16.033634423372153,15.63172289651284,78.15514077478878,21.67361163778172
2024-01-13 13:00:00,25.62709263136296,33.7242449248738,64.32291860215804,49.85911769514752
2024-01-13 14:00:00,25.81270243220213,16.03942567302945,60.76006355738498,27.952964247330108
2024-01-13 15:00:00,27.748598029964132,25.82592670602141,47.6093293924873,16.058107631797675
2024-01-13 16:00:00,29.52182667445323,29.18121038901833,85.90522316596898,11.005566295237657
2024-01-13 17:00:00,34.517041589250695,32.41938247492171,53.8209024742315,17.52602671430809
2024-01-13 18:00:00,25.326006966023904,29.281738642648556,35.22556600774629,18.62666368797754
2024-01-13 19:00:00,21.45912945882492,31.034561661395838,67.02399096706807,3.4356838861980488
2024-01-13 20:00:00,30.90372389537407,21.78900385085612,36.83030360859608,18.47870997133866
2024-01-13 21:00:00,20.416645025241486,31.296502274930244,50.71338856810152,23.211925986961248
2024-01-13 22:00:00,23.779428414112722,16.6022969276935,60.44471632306853,36.13688761194023
2024-01-13 23:00:00,16.56912762684532,32.89633312121055,82.45335148111054,32.8364742360804
2024-01-14 00:00:00,15.50701486830915,25.951847523074726,59.61279482040712,35.438282761457714
2024-01-14 01:00:00,34.2529682935585,31.345955399249874,72.13552596189986,0.41818409384285493
2024-01-14 02:00:00,31.719602410244118,24.046365690366002,89.56901033994421,10.883369979026803
2024-01-14 03:00:00,28.91948412187396,27.871553903930497,37.8893471938789,33.084214419992826
2024-01-14 04:00:00,23.179058888285397,25.528053218722263,46.48389153117117,24.199468408987357
2024-01-14 05:00:00,18.465886401416917,29.631790435106637,53.674564535858785,0.2656737834172973
2024-01-14 06:00:00,18.12874085342172,16.63259964061179,55.30969071232988,40.22473212159112
2024-01-14 07:00:00,20.004857963291904,16.207041679811276,54.66126451593274,38.64047866451687
2024-01-14 08:00:00,25.984533294122407,19.94206468020293,84.4566601533933,27.420958149678132
2024-01-14 09:00:00,29.291918454001248,18.190893602263767,72.84195866801139,3.323166288813606
2024-01-14 10:00:00,28.203947534354626,32.435671331844034,66.47431284544223,38.32575247662923
2024-01-14 11:00:00,20.598677938918858,19.384279747160885,48.562363071766924,29.185679386568196
2024-01-14 12:00:00,34.097305613263885,34.51730511638263,79.42742305327768,39.097998857897956
2024-01-14 13:00:00,29.75793833391537,21.737915835422136,87.30363068909934,37.58734961979202
2024-01-14 14:00:00,26.087081050228015,18.642358313773986,79.2718969530136,40.15010359789186
2024-01-14 15:00:00,27.234414924687044,30.79397014284958,30.093906311488375,25.90040332023124
2024-01-14 16:00:00,23.3920012485558,28.17415551001752,68.18408221100442,7.016225909675749
2024-01-14 17:00:00,19.95461979002315,24.96391432906278,33.06812288652604,33.557873668984435
2024-01-14 18:00:00,22.119453573025233,26.107271018752627,45.456433220023314,31.02368925259853
2024-01-14 19:00:00,30.15692220928738,29.384035565445277,33.5714820208663,37.11265935995436
2024-01-14 20:00:00,15.287869772595117,19.569094826625975,66.22772717696327,8.494050302536765
2024-01-14 21:00:00,17.321452810138325,34.92667832113484,71.1953948095564,9.748759995014462
2024-01-14 22:00:00,15.920052840435055,34.49586324293566,36.86925828395431,44.52047586096642
2024-01-14 23:00:00,15.814576046379402,28.00651372693874,53.030332982698766,37.49888992260354
2024-01-15 00:00:00,32.10921168022014,18.990849018582903,57.374190537332524,45.411424435016144
2024-01-15 01:00:00,29.073157187600472,28.604564848625827,52.14318130565499,37.93576605819604
2024-01-15 02:00:00,24.483476581746505,16.443968179583518,37.26150002911158,29.857765299515094
2024-01-15 03:00:00,16.95668321302003,15.613050044116122,55.136867411248524,32.70663685139368
2024-01-15 04:00:00,24.832317502336647,20.153657770224275,75.07068286850509,44.456396197000494
2024-01-15 05:00:00,24.469435415611315,24.252459134786328,34.26045987199533,28.940337725597026
2024-01-15 06:00:00,18.464037398200304,32.36545010816761,34.810800844914205,31.619566216419372
2024-01-15 07:00:00,23.67703298475946,29.54338139532616,51.28627751015905,7.823835800180029
2024-01-15 08:00:00,22.97009468794747,29.85413042399962,86.5035426971355,23.696061005805134
2024-01-15 09:00:00,27.31700196104433,23.50986668896151,70.11435880337484,35.81985559790495
2024-01-15 10:00:00,27.701873017352874,21.91869985093926,70.7201974003539,13.54713491581827
2024-01-15 11:00:00,15.90608019544089,22.420775259692054,51.715199450271896,10.112709026226746
2024-01-15 12:00:00,22.492252292529425,34.752991274721154,65.6196474725123,15.691340411220779
2024-01-15 13:00:00,27.517198314284727,15.80218382824965,30.607871041664602,12.075031399641672
2024-01-15 14:00:00,25.062725171601755,32.34062992244897,68.16576278457254,10.745631851819793
2024-01-15 15:00:00,32.12979682376644,26.57350817144787,84.7972168545742,21.242542143404346
2024-01-15 16:00:00,28.173872632378902,23.77230838379181,66.75440810068915,45.391925694176706
2024-01-15 17:00:00,18.258688541628594,29.50515320830273,82.42191560798071,25.352982336935913
2024-01-15 18:00:00,16.411374948008596,24.733378828494057,73.43838332796562,9.396019040766152
2024-01-15 19:00:00,27.84838556412631,32.468464761633214,37.23350498422141,3.848583469043704
2024-01-15 20:00:00,15.530226210832437,33.01403728022517,84.14719843715051,34.80780725689626
2024-01-15 21:00:00,26.715511625469265,23.434418537469107,33.986630661346496,19.139938221819392
2024-01-15 22:00:00,33.80460482849915,20.536555944701032,62.03804835286583,41.09154732926796
2024-01-15 23:00:00,26.50948355751758,26.847006571867244,38.52822742760746,32.97553843203851
2024-01-16 00:00:00,22.763398524130437,33.24726691233382,30.702396643854243,39.81207252706842
2024-01-16 01:00:00,27.865764368847064,19.21324378011333,55.32205560765834,13.597301970922437
2024-01-16 02:00:00,24.165057809830333,27.459331671269656,47.702442459249376,34.6179461230529
2024-01-16 03:00:00,25.9123357863187,27.63120440185041,59.16002962785618,13.203099234685938
2024-01-16 04:00:00,33.8292961755305,29.66226044830562,64.63199320407304,46.95342397251458
2024-01-16 05:00:00,22.722052756015486,17.631353702545198,32.624344338536844,31.81871407666872
2024-01-16 06:00:00,34.22381127647829,29.31649929364177,37.38019770742474,16.225590008767103
2024-01-16 07:00:00,33.107012839121275,33.18065041331282,63.51854378702552,13.475593114613632
2024-01-16 08:00:00,18.915822695785927,18.593662177404838,50.59004119035949,9.546329253582176
2024-01-16 09:00:00,16.38722601750331,19.750866498477553,73.75040925296688,34.73204794468639
2024-01-16 10:00:00,17.01556002754853,34.42790188083279,69.13749891551637,10.935780649896365
2024-01-16 11:00:00,15.364436513030995,18.619539054189794,80.73626177939441,29.765163296374453
2024-01-16 12:00:00,16.88885921511857,32.08770186739159,71.54956960015352,13.231751346267867
2024-01-16 13:00:00,28.660135468327137,24.845557128960696,55.79586464340889,33.09844723969343
2024-01-16 14:00:00,16.42377296920458,19.94462148806354,70.37799734366595,40.74698642702696
2024-01-16 15:00:00,21.379512605875227,32.41499802545023,46.52287045532511,38.90126215723266
2024-01-16 16:00:00,31.89750621938909,23.90610510005331,48.37880992669276,38.042566546539085
2024-01-16 17:00:00,15.465438714716518,25.296347078593804,77.3391095952476,9.386120284612604
2024-01-16 18:00:00,31.289369651778717,22.18466738799531,56.78517098409493,4.419247349225936
2024-01-16 19:00:00,20.637095495468,26.85901702869855,77.90282043110115,34.94744142436928
2024-01-16 20:00:00,17.363296552433127,18.270477451700454,79.3453424200967,18.417360689717565
2024-01-16 21:00:00,28.934743307283014,22.821630733035214,81.45374025967703,21.617311320167364
2024-01-16 22:00:00,27.578856935597678,34.38824644670575,84.99811415047245,1.5574546396695532
2024-01-16 23:00:00,32.549440270541055,20.16266865402255,55.859113230797774,12.97882246375246
2024-01-17 00:00:00,29.701420876077716,28.134733290825842,49.13200909926833,1.6838201937232011
2024-01-17 01:00:00,31.06961860769697,21.503801284493896,64.93192479564684,43.95928863006238
2024-01-17 02:00:00,20.64069145142613,30.46946251373201,52.270345406257654,12.169834160926523
2024-01-17 03:00:00,18.548790875594456,17.617473214366996,66.06445000801398,27.866858478650403
2024-01-17 04:00:00,30.012295032817168,34.39642090157089,72.33515175862948,1.9489660330565206
2024-01-17 05:00:00,31.13669478534528,24.075790827672783,71.30430110952821,33.3423695652829
2024-01-17 06:00:00,34.81010284001347,19.72100926692928,52.47317322120728,16.151367287704694
2024-01-17 07:00:00,23.25235353822853,16.469934946600254,40.01161210192517,44.89595934788329
2024-01-17 08:00:00,22.440361715855666,18.395158101750816,55.83176030773245,44.40590944670179
2024-01-17 09:00:00,30.528259214839935,25.395478971120355,38.55564864491453,16.264530918087388
2024-01-17 10:00:00,21.816070805060356,21.740063528625726,83.4058221110285,45.04804478452339
2024-01-17 11:00:00,33.61514651207129,31.57766731765219,50.75264764427145,49.80788367493894
2024-01-17 12:00:00,32.16825503686024,23.617750473236118,39.267584833399425,41.2707832061974
2024-01-17 13:00:00,23.579880547500366,19.9742854517526,31.526865594345054,42.24356738776145
2024-01-17 14:00:00,30.017421355829946,27.342899732080603,68.74934317718905,12.450436805454496
2024-01-17 15:00:00,30.090857481693646,29.135544337708914,68.21413904728459,28.835119942887815
2024-01-17 16:00:00,17.062477376718654,18.340838158018997,50.4362499948775,3.3627956983683926
2024-01-17 17:00:00,33.05105813359133,18.35238432576635,34.30271333085906,4.745896841083486
2024-01-17 18:00:00,25.105047448957144,15.733428538670859,54.577733693713924,49.94463060166453
2024-01-17 19:00:00,31.529149322154833,29.72804030131281,48.67304970380361,16.331962471295547
2024-01-17 20:00:00,21.400992020612236,28.276090552436102,70.62723838410056,37.40919560244232
2024-01-17 21:00:00,32.91046456992401,24.492617514996276,66.34675496716142,40.33325265134082
2024-01-17 22:00:00,22.784033574683264,31.883408979383944,51.8756236918524,42.90116355036146
2024-01-17 23:00:00,15.216753029605968,31.113403059001065,43.0735532552994,49.881414870107825
2024-01-18 00:00:00,33.10763952838528,26.707087287935042,89.28215796933551,12.074824262843393
2024-01-18 01:00:00,16.82573353572267,32.36542561026518,57.24009727176689,2.0175413429849853
2024-01-18 02:00:00,21.3862727518083,19.116824200735365,71.29645414681423,20.5595758997293
2024-01-18 03:00:00,34.0012393410161,17.23839238795456,38.43317805470164,6.504033491447347
2024-01-18 04:00:00,34.012142938751126,20.394992230339792,59.13538197956387,1.1212944581027562
2024-01-18 05:00:00,26.46875776246572,16.141737121786296,31.652203192167928,18.021341357074306
2024-01-18 06:00:00,27.636744243395984,25.62339056002064,60.327307074627,39.18691255376182
2024-01-18 07:00:00,23.968910439566393,33.73211384589923,87.84104442706214,28.309034561253544
2024-01-18 08:00:00,20.86421543396129,15.786870813370193,53.05240277914801,15.638899460517703
2024-01-18 09:00:00,21.57329090739832,17.442198280200536,32.3397607544947,32.71710027463598
2024-01-18 10:00:00,28.450369121540767,24.043980565668704,31.85734745516061,11.600909015440536
2024-01-18 11:00:00,30.0474905887536,33.6775003505581,53.27920559681217,0.7190723036042512
2024-01-18 12:00:00,30.83158087451697,21.32312209953501,39.60149618779164,38.21766932182137
2024-01-18 13:00:00,30.792362855891078,25.144696173767848,31.401125779691156,31.187154243200453
2024-01-18 14:00:00,16.824122060973806,15.831457181007842,75.37281683701062,38.115131225047996
2024-01-18 15:00:00,24.88840609405163,17.966864019241775,57.51138053291344,1.9469008343832805
2024-01-18 16:00:00,16.151175200332887,34.73260245917694,47.35468631835927,41.85598139153261
2024-01-18 17:00:00,25.990577646474712,34.30237392872091,84.00499098098885,30.976310001815165
2024-01-18 18:00:00,23.83061002746754,15.098799618688192,36.96833761203153,28.169767535632005
2024-01-18 19:00:00,32.754083655166,34.03623570846478,87.35512973731915,31.23070240572658
2024-01-18 20:00:00,22.018300251041573,27.78239875631001,48.83800304264117,43.2216623434182
2024-01-18 21:00:00,17.341340328552118,32.35836589040044,83.30422033852088,29.346825327945353
2024-01-18 22:00:00,17.859833641056717,24.09479711267718,66.1765725887677,29.047518994408968
2024-01-18 23:00:00,30.230212634349446,25.311920571585006,79.60244158448924,49.53395785328829
2024-01-19 00:00:00,27.364361266325222,24.776931605138405,89.04078979262786,37.8365083534284
2024-01-19 01:00:00,17.022453522455805,28.337285150922085,47.30432626912474,22.114690272556764
2024-01-19 02:00:00,16.682136122299948,17.793025095126257,87.66812912445558,35.369850001646384
2024-01-19 03:00:00,29.0193826291824,15.599471797453559,53.36891369414522,19.461523584589425
2024-01-19 04:00:00,16.45526012728387,21.158598831823817,53.130714284215344,11.44377312417495
2024-01-19 05:00:00,31.437201185807126,29.093615254732935,50.42322625527034,29.84259384438797
2024-01-19 06:00:00,29.124844543129925,19.037069042458967,62.48445644085511,46.409104905697575
2024-01-19 07:00:00,16.626975612837995,28.468648666498346,39.24870259070923,46.45697600077314
2024-01-19 08:00:00,16.69675428170384,34.398240922145405,63.22268912148067,17.095263905274514
2024-01-19 09:00:00,34.73279157002351,16.878014315788366,62.50228874460024,26.38387331108475
2024-01-19 10:00:00,22.485415915122406,28.452042364502525,75.7141087562922,10.58179492849306
2024-01-19 11:00:00,22.412842941337818,23.875004386091423,80.01899771625514,49.78155547494417
2024-01-19 12:00:00,31.25599134515005,32.362845087550106,56.42648101874544,49.05589539339679
2024-01-19 13:00:00,33.94497154767717,18.542995788947717,48.13999496108963,32.475446485372366
2024-01-19 14:00:00,34.720021276457416,28.85251904452329,45.56009383902567,40.22070298387367
2024-01-19 15:00:00,30.067563705178834,31.762305792962206,41.677430202292314,35.755008064185
2024-01-19 16:00:00,22.525191710618316,33.892284389480466,33.458854931941495,29.65791095197341
2024-01-19 17:00:00,16.670014333973377,28.664960565792917,50.546878730082796,2.6673998494448847
2024-01-19 18:00:00,30.542938318548735,24.94349528016855,46.21486152784699,22.738217127633053
2024-01-19 19:00:00,26.1680849947161,27.356944804024277,87.98504315198444,33.739315108370526
2024-01-19 20:00:00,23.484440184939526,32.37809968957436,63.462529575002634,33.876580694184234
2024-01-19 21:00:00,33.12708770189472,26.412194932776593,50.83662234183045,18.65613092111918
2024-01-19 22:00:00,17.223949646123028,15.607741193936738,64.82805605962176,47.084599332901526
2024-01-19 23:00:00,24.852502085817182,33.61897391013956,38.351802080741734,8.36785161183905
2024-01-20 00:00:00,15.227072895348382,28.790535020631225,56.642624952132174,25.01797231077803
2024-01-20 01:00:00,24.373212839882527,28.53026771554493,67.57405928526383,34.54419882754114
2024-01-20 02:00:00,16.126065513636746,19.31350304795434,59.33386990754708,34.85679029459046
2024-01-20 03:00:00,17.376358325361437,28.177709404653143,54.10672803925945,32.43194783844078
2024-01-20 04:00:00,17.350524935542097,22.877288113083168,89.63090333398189,13.764410672593009
2024-01-20 05:00:00,27.984206042321272,28.02465954082984,82.81888572893561,7.810328434331098
2024-01-20 06:00:00,29.920897585308467,17.131860606159815,67.40435748956641,31.797016341335542
2024-01-20 07:00:00,26.667375301943192,28.156906092060723,64.16264167093696,29.965105806971888
2024-01-20 08:00:00,34.24345096949084,34.98827451541333,67.23962878947503,8.967800514462049
2024-01-20 09:00:00,22.49741159047408,15.96424077721112,42.078726469345995,35.25695727852817
2024-01-20 10:00:00,20.714241725637216,34.54348368442635,53.70826459585912,22.75859958668282
2024-01-20 11:00:00,32.3719825637892,23.13815921445741,32.36757197345396,33.38802958015765
2024-01-20 12:00:00,19.47191677038905,32.415069006745185,58.5327622492096,41.868353988507536
2024-01-20 13:00:00,34.264450788812226,30.64770968116547,62.58147503745979,8.486421428846159
2024-01-20 14:00:00,15.243089493796326,26.340325219733355,43.664984166192575,0.9572433998418339
2024-01-20 15:00:00,34.397576534152776,29.768984185026532,87.84173082993082,38.955129319789336
2024-01-20 16:00:00,15.863198239011522,32.57031122602696,84.56727665623453,30.484871257630797
2024-01-20 17:00:00,32.82286227396142,23.082806433020657,73.32859412735435,34.98197848110608
2024-01-20 18:00:00,25.554022181725998,21.540663231264773,62.00319772592175,41.90774874943213
2024-01-20 19:00:00,34.85929592238601,28.351867711271694,82.19814957886109,40.14054674122502
2024-01-20 20:00:00,16.475931294707976,31.15691883882517,37.83914062940777,48.046007346441236
2024-01-20 21:00:00,26.077085688026415,30.245702695532316,77.4305876564931,26.79675394260591
2024-01-20 22:00:00,34.38605071238198,30.956272977172688,37.489248838010894,24.42478163299527
2024-01-20 23:00:00,25.461956883402976,23.71166629625866,77.65263975296432,20.094359994536504
2024-01-21 00:00:00,27.58797276270525,31.35668432350043,46.546054095081416,7.684552142210227
2024-01-21 01:00:00,28.914973779692343,17.404181107412168,82.62543486109134,28.63036164410112
2024-01-21 02:00:00,24.090821295355465,25.88978195921699,86.64252562952387,13.85062621629894
2024-01-21 03:00:00,27.55116160168127,15.115173209962432,38.92775816430694,46.06537561064877
2024-01-21 04:00:00,26.686286238462003,21.491716598005404,57.760536303923615,29.15954021385488
2024-01-21 05:00:00,33.02316020981978,22.32923069742796,88.8592426897611,29.642009025405507
2024-01-21 06:00:00,15.908927606829158,22.923453832185107,59.004446158388795,17.746233043850502
2024-01-21 07:00:00,20.619263791844606,28.909344133797244,81.8128513508727,2.5994675988853744
2024-01-21 08:00:00,34.008229681531176,22.771162025406916,65.32389132787918,1.587188268649431
2024-01-21 09:00:00,32.80527567781833,23.973872452450614,52.51979447517611,21.166757207659874
2024-01-21 10:00:00,24.11313505571426,19.75088261748655,47.147013331552216,4.228268904861893
2024-01-21 11:00:00,27.402651956030734,22.4650358325868,42.193385465165235,30.342347777006957
2024-01-21 12:00:00,20.54762365962265,19.545392545263027,75.70789148266184,44.04865028198287
2024-01-21 13:00:00,18.762423194475225,16.46391847536887,53.19243040938167,44.14574082593611
2024-01-21 14:00:00,24.273968098799642,27.06897186762756,60.67652773204507,32.95227050661162
2024-01-21 15:00:00,22.067044560521055,28.364255971100327,59.53952880007091,10.56159157364655
2024-01-21 16:00:00,26.67312223701744,27.389806920192292,64.63674175398788,43.149841567943604
2024-01-21 17:00:00,16.554692739299696,24.26988087601145,81.93462873747313,44.30467176566041
2024-01-21 18:00:00,34.487896153323334,22.595715603584594,88.84436061500577,9.832679247647935
2024-01-21 19:00:00,34.72421488959206,32.26667299143651,54.45505251442901,36.871304288533864
2024-01-21 20:00:00,28.963234280394904,25.38163570272436,79.65113532637818,14.325977446356147
2024-01-21 21:00:00,25.72192732688241,24.58363755259462,75.87166767928306,40.13201561764648
2024-01-21 22:00:00,21.190552325726557,15.512841316128714,64.41173708733439,49.86189499518014
2024-01-21 23:00:00,31.275900394138972,21.824956552523126,87.36282861671599,1.5013002664696407
2024-01-22 00:00:00,28.694623451077586,22.60391237571714,42.02847093170416,44.86829328954659
2024-01-22 01:00:00,18.252338786897827,22.976455617938008,36.55585261857728,31.131526679932904
2024-01-22 02:00:00,33.21854368987685,26.603447384546648,81.23771801732534,48.669130958241055
2024-01-22 03:00:00,31.45074485846338,25.67205093453757,56.34898899802489,23.25047587632138
2024-01-22 04:00:00,33.99599826583848,27.158101855868892,80.81813125242363,42.369396528568686
2024-01-22 05:00:00,29.5143901677672,30.297665230842565,83.5854123117249,3.1197034299138613
2024-01-22 06:00:00,27.268303918715798,31.25971477432187,33.74745561714428,16.763952503914787
2024-01-22 07:00:00,23.364860725812377,29.362461524529888,83.00788577916364,3.3508268875604985
2024-01-22 08:00:00,33.65456966708027,34.110473919098695,56.89914332216533,48.76715667395353
2024-01-22 09:00:00,32.32127779000817,15.364651653527233,60.62594934025393,40.84869536359184
2024-01-22 10:00:00,15.904373402123788,18.915559713670923,67.59555066559261,42.62737106229852
2024-01-22 11:00:00,15.52733948994504,15.151257499562842,85.58295640380521,46.89826157169471
2024-01-22 12:00:00,22.52926733756099,27.949494283092058,31.146965665785842,4.255174305989268
2024-01-22 13:00:00,31.211066615636657,32.96061097899974,58.610608099069026,19.27987962566667
2024-01-22 14:00:00,34.74552258629889,19.869645931525987,71.26332254583363,3.551744452200106
2024-01-22 15:00:00,18.008337822070565,33.54069089592613,73.3624174618937,10.53965507750143
2024-01-22 16:00:00,26.8826143070427,16.205347805791217,71.55194589222648,11.468288851883617
2024-01-22 17:00:00,22.61781713262043,33.68872053611028,38.06610776448731,23.455360552378934
2024-01-22 18:00:00,34.398287956292066,22.03245374479269,47.963735302300876,13.428108372682129
2024-01-22 19:00:00,31.842378462714173,17.02841656898433,51.52293152502081,5.048905340888055
2024-01-22 20:00:00,31.766574094222758,24.717435183726515,78.2662324607703,8.374554454705386
2024-01-22 21:00:00,24.373863195899403,20.13553135441016,46.72559234487318,7.363778177604546
2024-01-22 22:00:00,23.296390046753302,20.697458039238455,42.64229783203219,48.653839895614915
2024-01-22 23:00:00,20.468141438614126,21.14579929852573,87.44688114228578,37.96462534592368
2024-01-23 00:00:00,16.127509933018544,31.060517956653268,30.531797106808135,48.3880732634781
2024-01-23 01:00:00,32.29444752510106,25.78322553350509,89.8692513409187,21.987024325395428
2024-01-23 02:00:00,31.258020182601552,21.22615398312007,70.60927793144373,13.91842408313283
2024-01-23 03:00:00,34.99435346572261,27.206675666218366,79.70815796694703,39.91465986045933
2024-01-23 04:00:00,34.93273674147811,29.32301348446387,47.67716378077159,16.31269590205734
2024-01-23 05:00:00,26.10863411205255,20.452480014670677,30.8589166600236,14.969168685267414
2024-01-23 06:00:00,30.37974830361021,23.270982030507028,74.2721711136918,11.62529961039156
2024-01-23 07:00:00,33.895314597648564,17.43772186673895,80.04867582004054,6.483948911211767
2024-01-23 08:00:00,31.99294781354823,18.622986990693605,74.42856791721115,12.823153050838298
2024-01-23 09:00:00,19.94696203486395,28.622357079299654,38.57101723805032,17.765987423694384
2024-01-23 10:00:00,24.01088270620187,18.62876695391254,75.20567533541814,33.69971040728652
2024-01-23 11:00:00,17.5831883030299,25.503267673341202,76.13536692645846,3.128242110972579
2024-01-23 12:00:00,34.08102054517445,29.180925234448654,69.5124309402033,10.525346983267148
2024-01-23 13:00:00,27.123492689017603,17.137538461894877,75.96695596773517,40.45118201458382
2024-01-23 14:00:00,19.572856110069253,26.346244392578072,80.75528638066393,7.346096179188538
2024-01-23 15:00:00,28.434013688117133,20.131255674027276,66.81624685424751,17.132257326126076
2024-01-23 16:00:00,27.362564809157917,34.2585375047516,35.31628283818074,43.23294609290701
2024-01-23 17:00:00,22.163254360656808,24.670912934398494,59.25766858003265,7.746265557172133
2024-01-23 18:00:00,17.27115184399258,31.119850995503164,34.6589600802963,4.136841780909495
2024-01-23 19:00:00,28.431463911855992,26.004530843125234,54.45258186194585,24.22689975400054
2024-01-23 20:00:00,25.406154018075867,15.868250657096382,54.42638934753766,15.12097556392682
2024-01-23 21:00:00,30.446367834712788,27.663027511880447,33.960590648414495,28.170418224192705
2024-01-23 22:00:00,25.403270022239866,34.028066844133136,50.92923203816876,40.19024452417376
2024-01-23 23:00:00,32.043630006370805,27.032236402926625,36.65988592747889,6.857424407637158
2024-01-24 00:00:00,26.03813677548971,31.383777188535802,78.49411260055334,29.03495422771425
2024-01-24 01:00:00,26.218759430707728,32.68412926696816,86.86128155786824,25.275438019493198
2024-01-24 02:00:00,32.533072053166904,19.56159543897865,34.338988515476316,7.203939300659979
2024-01-24 03:00:00,23.06965732424794,19.240896798164535,87.30691243750209,31.19992427644912
2024-01-24 04:00:00,17.680304569012815,27.219619777019837,61.354595960204705,13.682020893038583
2024-01-24 05:00:00,15.57565352626678,23.220569396134096,47.973940677232434,24.391715927200625
2024-01-24 06:00:00,30.10274511347238,31.797226057334406,34.61172451656981,4.113616213853094
2024-01-24 07:00:00,27.406191027069294,33.00046246796022,60.03745608422507,22.979202860681152
2024-01-24 08:00:00,29.08159536198447,22.068427586054362,77.67093266944492,15.323173402141016
2024-01-24 09:00:00,19.259283230178212,19.73741117948964,72.42518863600189,41.119060559267716
2024-01-24 10:00:00,17.727429511735394,30.610510304877238,33.01356068783843,2.848936349868414
2024-01-24 11:00:00,15.290893313357639,20.49612071096272,34.374110122074214,20.930363745916498
2024-01-24 12:00:00,22.011751176131938,31.45228637027357,54.17239695795823,22.9215712065719
2024-01-24 13:00:00,26.79835373709266,23.474765072975256,47.717429642876596,36.250303814955934
2024-01-24 14:00:00,22.844880901994646,28.35099798582941,43.94305938336287,28.714378754510548
2024-01-24 15:00:00,23.749498440474582,16.910706276693364,46.86026993452282,33.360616859709054
2024-01-24 16:00:00,33.08317388987497,27.477186493531462,78.20896459781308,38.8524642825878
2024-01-24 17:00:00,21.965109340466007,24.035353574744583,85.75368321791123,43.11014868290944
2024-01-24 18:00:00,25.279789783196215,26.732169263509483,54.30616167165398,15.693774836123525
2024-01-24 19:00:00,30.67306025482286,18.36028415489727,84.36666012794981,26.901135268195148
2024-01-24 20:00:00,22.930855646425403,29.73747489888364,49.28974207487292,42.005403921959996
2024-01-24 21:00:00,27.441734004557468,32.25594155086457,58.586219180627495,49.472556548252825
2024-01-24 22:00:00,32.2472741749349,19.334796001815512,43.56173986895998,44.47596555218816
2024-01-24 23:00:00,33.990412473152844,16.914291110403234,68.42856253055064,18.57336313121884
2024-01-25 00:00:00,17.941469618580758,15.472771720926728,88.73886691048853,9.758325860932521
2024-01-25 01:00:00,33.53175250322989,27.83943000886532,66.20958576260273,24.469626870329435
2024-01-25 02:00:00,24.842325861590766,27.141880721775614,51.46884504681293,37.08207259180211
2024-01-25 03:00:00,20.164887765979167,25.9339482542814,68.86904675943171,24.62845353766488
2024-01-25 04:00:00,24.182715124765224,19.63894192231951,37.375240707923254,24.159043165683425
2024-01-25 05:00:00,34.60065150570954,22.81811991811029,83.31954481592392,41.91152105409003
2024-01-25 06:00:00,24.85236187985739,26.88952670372346,60.185037046790185,18.070188953359317
2024-01-25 07:00:00,21.575032205750162,24.93533717718339,56.960984522378524,42.98973374058228
2024-01-25 08:00:00,27.668017086334515,34.755710404297744,65.15188730721115,20.340240047586178
2024-01-25 09:00:00,19.802912375563864,17.72879505113466,67.48703176736414,16.41165528391697
2024-01-25 10:00:00,16.51726656217328,28.902891080951875,34.30654837359078,22.69949555998495
2024-01-25 11:00:00,17.577594438212984,23.086375362085843,70.95703327340414,38.12234793374342
2024-01-25 12:00:00,17.56091677915545,23.563992298512296,44.515900818931776,6.300101393199714
2024-01-25 13:00:00,18.038053870245886,29.351955313163526,72.83715795039538,9.82096079360087
2024-01-25 14:00:00,17.776543452988204,28.84872302648739,79.3520876630518,47.5722412831546
2024-01-25 15:00:00,27.817494896064293,34.825119874043764,78.23751045315122,8.77458136906787
2024-01-25 16:00:00,18.637601687982897,17.567885789082503,63.15005804447335,28.38636589655273
2024-01-25 17:00:00,21.913345666477262,17.082192987683328,61.21019353864507,28.965723333096893
2024-01-25 18:00:00,32.935768198120236,29.48677634257482,38.5725576803647,24.48122310251224
2024-01-25 19:00:00,24.479232805257446,26.56773834012818,76.52076902418813,32.23726242884093
2024-01-25 20:00:00,28.351154770420543,20.48321333119612,46.28456282680286,11.491336289880921
2024-01-25 21:00:00,18.446397424032597,16.588387379779732,59.80172536907679,27.633113388837412
2024-01-25 22:00:00,18.845780376173416,16.71316499192861,47.056445575651004,18.608662762344856
2024-01-25 23:00:00,15.817372325329577,32.883817493282365,38.029701779981586,33.08336298145945
2024-01-26 00:00:00,18.37870126144329,18.83734649437486,67.77346181350418,7.061177168657473
2024-01-26 01:00:00,20.57180678063917,21.467431242310415,33.25992208937423,28.543870841973813
2024-01-26 02:00:00,18.540209685534936,19.533128044539758,74.918714047572,9.263517769166185
2024-01-26 03:00:00,16.774050675141112,22.09992611663875,49.055207715666995,13.93215315575182
2024-01-26 04:00:00,17.412717422012015,16.38847685492187,30.00808158026912,10.93549001617916
2024-01-26 05:00:00,24.215575360654515,25.38119581816541,60.66774835423379,9.141888993440855
2024-01-26 06:00:00,19.12667436811585,16.3522512718443,32.811114511656186,41.28554757803335
2024-01-26 07:00:00,22.28539722096151,31.007130156447232,46.57017346925397,14.285378383044517
2024-01-26 08:00:00,25.068345417097138,19.67424163820866,72.41858924734296,46.35618909322247
2024-01-26 09:00:00,28.807896572587307,25.800238292090214,33.76137729731195,48.49632626725954
2024-01-26 10:00:00,15.786242796821979,32.60158175122916,80.36030954136014,28.563023496854868
2024-01-26 11:00:00,30.988207978180853,28.01754738094388,30.229195359514986,7.15005613328632
2024-01-26 12:00:00,27.558007789818156,25.659155731026708,44.809432152114134,18.727412168979065
2024-01-26 13:00:00,16.635180638977438,21.486675062307512,74.45424336912428,39.8866131674107
2024-01-26 14:00:00,32.47157248213554,21.660038261163958,48.97620898375841,18.369536434853522
2024-01-26 15:00:00,33.417448010636264,28.3897391039638,36.11354328396081,4.350860915139437
2024-01-26 16:00:00,16.221559197097275,34.88278722442335,51.61403512802568,27.839245546409398
2024-01-26 17:00:00,20.537552962944076,28.236783796987574,46.22359718307153,42.25604257480174
2024-01-26 18:00:00,31.124025595861227,26.1556683474005,80.56271412963329,39.79631935717512
2024-01-26 19:00:00,29.965193807673167,29.61301020478492,48.80087505510859,8.756157006517661
2024-01-26 20:00:00,18.690420387127546,24.30411224567436,77.33594830656043,33.63823072062333
2024-01-26 21:00:00,19.186986466734204,16.202846852015703,83.51232868864409,11.025213171782354
2024-01-26 22:00:00,22.40944205582764,26.245936317558197,56.02904517459177,10.910376727608611
2024-01-26 23:00:00,24.690459703820427,34.1525056901076,84.59658863126353,43.70358866525926
2024-01-27 00:00:00,27.36509543060592,18.50605884715319,52.63908323779157,12.483447637011508
2024-01-27 01:00:00,22.378272791395446,28.800097816413313,87.8447049894065,13.16236732590056
2024-01-27 02:00:00,24.25069432266296,19.018673773181128,35.35737147153438,0.03266953806497774
2024-01-27 03:00:00,29.94941876267513,25.716553689461627,71.22115599019457,43.53345170627588
2024-01-27 04:00:00,15.733664057811957,16.93352899293439,59.62884242741572,39.62974066045673
2024-01-27 05:00:00,20.048738886880415,24.007418725163703,53.25892832733882,31.3664467545339
2024-01-27 06:00:00,29.26699171769105,30.12326657790492,67.96271272491606,37.51328819694211
2024-01-27 07:00:00,32.904136753743984,21.951430484779642,72.23142549805988,7.60242837122459
2024-01-27 08:00:00,25.233548842313322,28.29823448974436,30.261796179018546,22.916179729378772
2024-01-27 09:00:00,25.642269705306312,30.908999215794584,40.01718532483192,17.560969367439043
2024-01-27 10:00:00,17.14344022679552,33.54355638958906,72.78276303805913,4.688826312850825
2024-01-27 11:00:00,23.948247336469095,19.69284163710907,69.98312481469239,24.306524260746205
2024-01-27 12:00:00,25.652345329100463,22.986318316186164,87.96285030772063,46.03698251713177
2024-01-27 13:00:00,19.849410072694592,18.04832026660835,75.66226741504698,2.002955952534724
2024-01-27 14:00:00,20.38486461898762,34.84967004316751,87.04636246388029,14.573045674689695
2024-01-27 15:00:00,22.545683262092453,33.54001935848591,72.15243009208842,10.377046810285172
2024-01-27 16:00:00,15.401423955554527,25.79914260561119,47.883132518366594,11.907332683284816
2024-01-27 17:00:00,21.441583311663564,31.840665887528424,36.32189533505139,45.42172759396876
2024-01-27 18:00:00,19.22896013993089,25.41915954544084,76.90943180069613,23.403452711714507
2024-01-27 19:00:00,21.54994704355829,27.471713760055195,68.64895328855496,23.31497064699094
2024-01-27 20:00:00,17.395242636385024,16.78248864232033,32.89116074359777,38.02878212276411
2024-01-27 21:00:00,32.8105456147979,30.10540840993616,51.6030279540587,7.72461020024629
2024-01-27 22:00:00,26.871849071080973,17.554269672704695,87.40798892905717,24.36326770500254
2024-01-27 23:00:00,28.582046382889793,31.521352605050566,60.02406874261207,21.499260706052986
2024-01-28 00:00:00,30.783424772146766,30.640561753407717,55.96374816118228,29.845534527332806
2024-01-28 01:00:00,24.968843978581145,29.174893954859527,57.46197630955764,49.97788516252193
2024-01-28 02:00:00,16.738405761748474,15.723207610495242,42.53296344030982,38.47244470410235
2024-01-28 03:00:00,25.742130836370954,21.06256711890657,52.122430251887714,19.89328515087136
2024-01-28 04:00:00,26.736822360417584,20.262251398216858,52.188795359230596,41.377652613702345
2024-01-28 05:00:00,29.9087894836866,22.20272814943038,33.14130121124835,8.535418165624009
2024-01-28 06:00:00,23.63319092459359,16.752854935276773,76.0540577110751,1.5231843154480063
2024-01-28 07:00:00,17.551606055911275,33.73915646062126,54.99026591423274,10.222418623213652
2024-01-28 08:00:00,20.67551811597449,26.076044814247524,79.3307932089854,17.020577805712982
2024-01-28 09:00:00,22.2616459279727,21.11048621316047,81.02088006719373,25.529037872977995
2024-01-28 10:00:00,27.918344826632023,22.939630341485667,42.71964328191949,30.75645702705999
2024-01-28 11:00:00,26.41556609337824,23.944050810096712,69.44120893020772,45.53028586072109
2024-01-28 12:00:00,22.121934517956923,27.011886667212345,58.3369082497789,25.492700477522884
2024-01-28 13:00:00,34.730304975859596,25.313588553929954,82.8094042752891,25.063782231286467
2024-01-28 14:00:00,27.115496387137743,33.38783946428835,42.94444075058725,2.5121504911491064
2024-01-28 15:00:00,19.74453583471989,24.939269658116604,70.66879201860266,1.7455776328111905
2024-01-28 16:00:00,17.035649452408073,34.84316029646625,66.46512733516334,27.557998095818604
2024-01-28 17:00:00,18.057182783686642,32.028499154901915,47.718088654309966,21.908930662417227
2024-01-28 18:00:00,19.919154567690164,19.170210287146716,38.196054219070355,41.95901974901493
2024-01-28 19:00:00,18.213627465191113,33.61190429287832,69.09838562863659,8.033979235592259
2024-01-28 20:00:00,18.731340481026116,17.32732795770952,74.31584748793983,1.24858310585248
2024-01-28 21:00:00,20.70190337387694,31.348994169823833,48.937640625800995,22.451938396506293
2024-01-28 22:00:00,18.467471905895096,22.6124658695316,68.68995624133882,11.873927837612875
2024-01-28 23:00:00,32.935308492528506,32.55948640890139,53.7078544566902,2.4807186669418724
2024-01-29 00:00:00,16.604674913232845,32.361133802149006,72.79241299695707,36.22991434238145
2024-01-29 01:00:00,25.490227791405093,31.118508002352424,41.95291649364319,5.579649997862374
2024-01-29 02:00:00,23.20793653979323,30.800608726141228,83.41290015817046,30.415975000388585
2024-01-29 03:00:00,34.647572338172125,21.093582781960816,47.244575787934785,14.052487508344457
2024-01-29 04:00:00,17.240778043361047,16.618385661025044,52.06715926536917,8.6748025177511
2024-01-29 05:00:00,22.95711198091483,23.05960357530323,33.48551712482099,18.987576145965875
2024-01-29 06:00:00,34.389408665507375,18.470490299730173,36.690732739276584,40.072288811147686
2024-01-29 07:00:00,32.310142517879605,28.899021778049235,60.95171416273969,19.604678845228634
2024-01-29 08:00:00,31.3414414189856,21.92199453075571,46.05556060367829,37.538482460552785
2024-01-29 09:00:00,20.158056540898798,34.5122040171983,80.12881354453165,6.274314839957534
2024-01-29 10:00:00,18.417751747801315,27.81944154690664,30.88160331929723,38.638570983253956
2024-01-29 11:00:00,28.37286439848862,31.449611272687218,52.74564292031617,11.846666245332433
2024-01-29 12:00:00,33.587519782551716,17.65049345483697,50.24073280614556,33.86965649444364
2024-01-29 13:00:00,26.135257860278596,32.24028964545245,31.15965785505606,28.289077742049816
2024-01-29 14:00:00,26.432253789397997,33.455143810267884,37.462103940030616,46.45723586058437
2024-01-29 15:00:00,20.599581873205683,24.741238376378718,54.81856049511812,19.366125898765702
2024-01-29 16:00:00,30.389858663838737,27.12505875501955,59.5718750668468,3.308259441722022
2024-01-29 17:00:00,18.74087497115047,30.29619601805991,54.25738483529214,0.9577742775626452
2024-01-29 18:00:00,21.473584728084873,18.496772545208252,61.85626070472563,41.34292804863765
2024-01-29 19:00:00,23.508728772328336,25.051321529268847,65.70790049434089,26.236781883071608
2024-01-29 20:00:00,25.1522075736891,22.973260555446263,30.595429267670138,38.76220259174746
2024-01-29 21:00:00,19.848194648301604,17.92747984324498,57.845709567210235,11.721280000575735
2024-01-29 22:00:00,17.29673649478407,22.350688445830627,87.8099544532553,17.254187275661685
2024-01-29 23:00:00,27.21240084883265,16.363446187709872,61.14193680777292,1.505193610565947
2024-01-30 00:00:00,20.772611064805115,15.51623813898974,70.65253604753718,48.07461622870561
2024-01-30 01:00:00,26.624764428452245,17.703325783096457,48.71183147501299,33.39339533504067
2024-01-30 02:00:00,18.087254305484045,34.26230223178348,76.43948268916574,46.66025438796531
2024-01-30 03:00:00,24.62280203709635,25.99059071790034,76.3752889125669,13.274820371453616
2024-01-30 04:00:00,25.651788651031715,34.3164432230644,61.27776285924834,30.573180561283042
2024-01-30 05:00:00,16.03647073644854,23.649957566602637,88.56082939675281,33.924998414631894
2024-01-30 06:00:00,21.732085563878414,21.23632266170519,37.533012885759206,15.877485012879422
2024-01-30 07:00:00,17.688293538779483,25.122837256804882,31.01685989337486,42.405461750781505
2024-01-30 08:00:00,16.267499409455354,23.790233772658205,76.20949270542576,47.35807314501239
2024-01-30 09:00:00,34.7992046477989,17.11329368523488,78.42933224189295,44.24275588480022
2024-01-30 10:00:00,21.44707689949446,27.816526293804124,37.21243374723458,36.953348796968626
2024-01-30 11:00:00,31.1974889170927,19.320763650191992,45.93496997751636,13.873233986247701
2024-01-30 12:00:00,20.092813095275275,27.39175909795659,31.053141801997736,14.080802105281586
2024-01-30 13:00:00,28.630054444478585,28.004021847963067,47.598516646833886,48.1680160223019
2024-01-30 14:00:00,30.204557197793733,18.04049706257296,76.38851243512029,0.5142247967846014
2024-01-30 15:00:00,26.912774812156886,16.226992542213363,61.07763166275474,35.802498662107226
2024-01-30 16:00:00,24.431523771003167,30.615231721368797,50.88573559009728,35.31230812776311
2024-01-30 17:00:00,23.23681828294537,24.196008475386403,52.30435769437982,31.134477047489874
2024-01-30 18:00:00,21.977365330859904,16.163275910109515,30.08121754292809,49.50544230434329
2024-01-30 19:00:00,33.59058288495652,34.89732634339534,47.98803165391415,15.593971788186261
2024-01-30 20:00:00,31.612388155754584,16.155611219927334,68.78752449827583,16.998593189662408
2024-01-30 21:00:00,34.300538213330256,28.900704577171062,88.45166662898143,3.9469701473277774
2024-01-30 22:00:00,17.485944469710894,34.67357850526827,80.82364961903397,22.139906827186874
2024-01-30 23:00:00,29.617349504072884,19.783602084318513,31.41569787873175,13.052426311742405
2024-01-31 00:00:00,33.76680913642076,17.844987373743923,83.91363628049035,17.169335108882212
2024-01-31 01:00:00,18.6246613233132,17.427698788448577,76.99190479791756,41.72858951278138
2024-01-31 02:00:00,16.32992534733555,21.06550295135191,76.82256741425883,46.77422567637478
2024-01-31 03:00:00,29.82241298580118,17.020916220212932,57.47974554021429,9.286653600259282
2024-01-31 04:00:00,26.489462263598238,28.84322683388264,53.88031757727017,18.625446577673294
2024-01-31 05:00:00,31.83657553516544,16.245835962601255,48.174943729991554,46.4315281057697
2024-01-31 06:00:00,17.79544753252579,25.188442562995796,33.941691537261946,3.0904230344611316
2024-01-31 07:00:00,30.905346237197804,34.93393707705954,43.69412180962195,4.6180264055689255
2024-01-31 08:00:00,19.032546400954892,31.279405390120377,44.79621809868148,8.139549460311468
2024-01-31 09:00:00,18.27311885731409,27.304388764620217,59.0446241826121,29.760641706343737
2024-01-31 10:00:00,18.285315958619858,21.125072415732234,74.84666439580164,7.523613550299873
2024-01-31 11:00:00,31.29149440462764,27.47791672583277,58.428589703876796,48.40381907253668
2024-01-31 12:00:00,28.303944413924,25.540829278233034,33.47066696682964,22.335726362926017
2024-01-31 13:00:00,25.461308495382386,23.52166767780743,87.46738805929223,25.07589801750832
2024-01-31 14:00:00,22.17660968247005,17.614207534803988,86.56345914564673,12.332930790270325
2024-01-31 15:00:00,32.544010816262166,32.732084304809334,77.1113725889045,23.548012621736675
2024-01-31 16:00:00,22.84890214845271,23.99569297642645,89.47967409385323,33.095681631850574
2024-01-31 17:00:00,31.33198878943154,18.8924502364153,62.66893996801578,37.55885684770214
2024-01-31 18:00:00,23.78269817140437,22.35518701754579,87.76610101519236,37.69340413549565
2024-01-31 19:00:00,22.538888588498153,23.282595050578543,34.53630243700505,28.894555634704417
2024-01-31 20:00:00,24.25359571339213,31.550757911337485,51.940844895682275,45.217988749692864
2024-01-31 21:00:00,21.02755748328284,29.672287611228043,43.52287608040595,40.87039236530547
2024-01-31 22:00:00,29.952187603525022,30.386097872826795,41.7499850480562,37.852405734931274
2024-01-31 23:00:00,25.054407801849585,15.220625288572943,38.44817693356056,2.780276084023031
2024-02-01 00:00:00,19.644253902936345,23.32307996359523,67.34481849395979,0.3438981109824657
2024-02-01 01:00:00,32.991491465491364,24.626883032706473,76.8793113448383,10.622363859773648
2024-02-01 02:00:00,22.67782442746423,15.383845536461134,64.69790396522164,33.176179695672616
2024-02-01 03:00:00,25.871057222279774,20.196264174900683,38.817762575292576,20.559874444127292
2024-02-01 04:00:00,33.12944221929094,30.2057964624427,78.66742619600825,20.120312964965585
2024-02-01 05:00:00,27.484759918279842,17.74219411457998,68.15728242982371,44.22934441148069
2024-02-01 06:00:00,17.337960814167282,25.706202629051834,53.28994236761973,44.77814240659194
2024-02-01 07:00:00,33.796642472269504,19.30403744034475,70.44781773216377,45.458763202679286
2024-02-01 08:00:00,27.554161061428356,15.242415492877866,45.59429875456997,15.693903825751365
2024-02-01 09:00:00,21.698112293141723,19.82402915199083,50.71153250965263,34.55279063696309
2024-02-01 10:00:00,17.785441453267744,34.517475098201075,85.04915058791941,13.581659063718481
2024-02-01 11:00:00,30.88050378540592,31.03074223765979,47.43027034028522,9.530491653722489
2024-02-01 12:00:00,27.40145511857027,34.19153288642067,58.19929608947619,9.231622867368461
2024-02-01 13:00:00,25.66922183952643,24.757080878527248,83.40846824376088,17.1053810431797
2024-02-01 14:00:00,32.87785166101915,17.19472397355007,72.46328101605164,21.497880988991085
2024-02-01 15:00:00,30.771944224490614,25.95918977947386,33.73219356988216,41.54745855275342
2024-02-01 16:00:00,18.033497594655024,24.08754669119922,38.83818265673822,5.994554673635605
2024-02-01 17:00:00,21.234441355910967,31.88714165479232,30.47049544631501,36.74629236974471
2024-02-01 18:00:00,19.969782796289316,16.961651615684893,67.85530741374981,26.572745709465266
2024-02-01 19:00:00,29.878925851453538,24.764822740435562,56.8604055246251,14.397267133799623
2024-02-01 20:00:00,15.670648694715588,18.000973293879685,38.05649105413653,24.640979226641228
2024-02-01 21:00:00,26.39779369742633,21.4935185378012,87.47604726340623,14.997103488851133
2024-02-01 22:00:00,30.24917371481381,29.747141547755994,61.7795834367372,29.804097761915298
2024-02-01 23:00:00,32.53531273523499,24.52036258737533,44.51359764677335,21.69219614276221
2024-02-02 00:00:00,21.841634974318147,22.517765702915387,60.03621426928245,8.220276453943937
2024-02-02 01:00:00,31.425146093440258,22.889525571400707,70.77721996410646,5.829153727784836
2024-02-02 02:00:00,17.212634739104146,24.188935368119733,34.57435307841387,27.33478410360651
2024-02-02 03:00:00,31.929045834690363,30.700330876741138,46.482228902873516,45.12065166430517
2024-02-02 04:00:00,17.54977324663965,32.84169377880469,78.41792945303962,17.197884327884278
2024-02-02 05:00:00,22.945745811207345,34.10669373007856,57.57989222415968,36.65000536113116
2024-02-02 06:00:00,30.94590731559107,30.7380677251059,62.794628521937696,32.93306774698835
2024-02-02 07:00:00,17.998348546975475,21.308137914960255,55.96896013256816,46.57774571547405
2024-02-02 08:00:00,19.58502790465283,28.762694121730842,32.63399655858031,41.049050864957046
2024-02-02 09:00:00,29.445051367861325,23.75206248110784,39.94498678920935,28.330262945273148
2024-02-02 10:00:00,29.400730730921488,20.09341244092102,56.73249832451346,32.85152491170537
2024-02-02 11:00:00,27.822952657705947,31.817431588518453,42.551127924475665,44.919323329201745
2024-02-02 12:00:00,28.878968889342,15.7685269792465,32.99874171958072,19.97593922934674
2024-02-02 13:00:00,25.854488866951925,33.03523984270847,80.61897984310943,16.339735292888868
2024-02-02 14:00:00,20.035981178139053,24.22954929249468,88.87155174984696,0.540554181759817
2024-02-02 15:00:00,21.913919870078388,27.74402953616561,77.58857243980437,41.32755370957321
2024-02-02 16:00:00,18.631954336028514,28.187078444115656,81.22709530228002,40.04903502016825
2024-02-02 17:00:00,33.169011226672566,32.90235481413073,44.518627819022726,5.222725905007569
2024-02-02 18:00:00,26.66783589532241,27.733393643344147,87.63761853079198,28.842869056635013
2024-02-02 19:00:00,23.017028335272798,27.278671695201236,41.8155422672057,23.199084908344368
2024-02-02 20:00:00,24.240116072882653,16.3330408112138,87.08578862170994,5.9354547754555735
2024-02-02 21:00:00,33.94566679223631,25.36816043890408,89.68915763795707,49.02841135303618
2024-02-02 22:00:00,18.067028062321604,18.003380016340834,72.70336834476292,10.734794373167771
2024-02-02 23:00:00,26.724596640335946,29.748675374429713,88.86862390750932,3.3617090045280573
2024-02-03 00:00:00,25.11777357768932,25.244438416253487,64.17238677402622,29.74236897509548
2024-02-03 01:00:00,27.22908470869296,28.604555584167066,45.57250699056542,36.943333856651634
2024-02-03 02:00:00,15.36220367641681,15.833458012047686,56.219753139937254,1.6221723023593482
2024-02-03 03:00:00,32.44247817888303,16.695840320916066,65.61365612272715,32.93588193635111
2024-02-03 04:00:00,33.64236564967224,29.326467761253646,34.3848937216209,26.614593797572724
2024-02-03 05:00:00,26.30266367178418,16.441686719973468,67.34059587703476,5.163250443752421
2024-02-03 06:00:00,28.933016477537844,16.42513455530517,88.87067020573767,8.626193847318103
2024-02-03 07:00:00,33.449987623545915,15.242169504697749,41.406458987023655,28.398714865804024
2024-02-03 08:00:00,29.14477268626797,34.1300279659896,77.555706977303,14.81788067566442
2024-02-03 09:00:00,18.050780858285226,29.75016718918014,84.47392762677717,46.9157864325658
2024-02-03 10:00:00,26.525767203336265,22.065028170041284,86.62209556921326,40.93701147420254
2024-02-03 11:00:00,27.13430092765712,20.930711625753105,87.60813626432683,49.17836032568315
2024-02-03 12:00:00,23.48261342604772,21.994064594916992,61.287578323288315,12.983541947520699
2024-02-03 13:00:00,29.728884712494455,30.493070623623638,88.63847447949021,48.48618163989885
2024-02-03 14:00:00,33.687340295380295,28.227412221408287,75.43861242806634,21.561693489577895
2024-02-03 15:00:00,33.51137025813553,18.70391135734936,39.700286174217716,17.375939765687733
2024-02-03 16:00:00,24.016787428082644,18.482186706681688,58.614006388078195,2.517476348467662
2024-02-03 17:00:00,17.264760916815106,16.967912994267948,73.09987052232023,2.638262892980131
2024-02-03 18:00:00,34.69682397924669,28.206054394026765,44.840418949145004,34.600562797332735
2024-02-03 19:00:00,31.777961728918683,30.28745324443472,68.43691101293325,22.896449721701394
2024-02-03 20:00:00,17.493253624065336,20.30092856650008,69.99602874279715,11.326081301805285
2024-02-03 21:00:00,33.416837652347446,15.418899220618256,39.76198462851396,30.69851531626163
2024-02-03 22:00:00,32.39792724124257,16.643433349528546,63.905118747165375,12.642905912505558
2024-02-03 23:00:00,25.376761142521442,34.357200696900605,76.29761465871647,28.88158771722113
2024-02-04 00:00:00,26.825508714898586,20.908895549548404,59.933739872156515,17.960437349134516
2024-02-04 01:00:00,22.980054077402606,30.384462956762672,30.726187006566445,41.17761133059095
2024-02-04 02:00:00,16.095232776440625,27.493271377085275,30.54230814475753,41.034808038338966
2024-02-04 03:00:00,21.70394483291802,22.638792793057917,51.42176063820073,23.867519906120066
2024-02-04 04:00:00,31.057068971960227,19.113745243911104,85.57164410590693,17.54095546675078
2024-02-04 05:00:00,15.092640460092056,17.42772836318813,43.72060677621653,18.12798982795473
2024-02-04 06:00:00,21.669983433822885,27.300259360777332,68.06182133230124,40.285726283410895
2024-02-04 07:00:00,22.963373871818867,30.49267561275576,43.324552241599235,16.4089741398806
2024-02-04 08:00:00,25.74791205875846,27.878085070822614,49.300199379572916,10.4529686853423
2024-02-04 09:00:00,33.39711232825521,25.606042664983164,80.88252537608903,4.234417093765341
2024-02-04 10:00:00,21.926919887319226,15.839024468632726,73.7316865361968,23.33465604422042
2024-02-04 11:00:00,21.939064037924553,34.36977555188768,35.723956638792636,24.106604945992093
2024-02-04 12:00:00,29.750024962194967,30.97428383309149,55.72212125918602,42.04543552014536
2024-02-04 13:00:00,24.044358817796144,20.856440734019294,31.750185818715867,11.061934822303199
2024-02-04 14:00:00,19.49209645879964,34.599406587177015,58.85340879618054,19.049563683419997
2024-02-04 15:00:00,24.04879032265387,27.037631792726444,69.74604070206408,40.42028694468455
2024-02-04 16:00:00,17.817140407595996,26.64845316414493,37.11015741588909,41.181180537448675
2024-02-04 17:00:00,18.527739730124466,29.961463588590643,47.333096334549936,19.23055379893841
2024-02-04 18:00:00,24.967355454789594,31.23539576180275,53.87019753012942,22.956201164334043
2024-02-04 19:00:00,23.378508990090957,28.129572146630053,85.17186147936299,15.164294542464146
2024-02-04 20:00:00,33.296918021362,17.561914927324,89.59530092537784,46.6277439209656
2024-02-04 21:00:00,22.24787798233266,21.765350119889966,32.69467793973695,5.932188287079016
2024-02-04 22:00:00,26.61176700556087,33.561672806520995,75.66047540972352,46.6874711500735
2024-02-04 23:00:00,27.645285758390607,19.49231223687704,52.30344398414059,34.19332259176716
2024-02-05 00:00:00,15.261889131766672,22.443340476750265,53.547491173768805,26.57860763433656
2024-02-05 01:00:00,28.270747440334212,23.64153765888392,75.25589840082137,1.6329530392247937
2024-02-05 02:00:00,18.560719337395028,23.788099793889046,85.10558592872451,23.779809591100413
2024-02-05 03:00:00,34.2214063493891,27.25879164989051,87.0557156701529,20.387405250136613
2024-02-05 04:00:00,17.973254555062258,33.861516754894154,64.62735516229924,8.060940598756128
2024-02-05 05:00:00,23.292482474540474,19.8138542366501,51.42726955803017,32.82048017503285
2024-02-05 06:00:00,16.706993361572877,17.43002752601836,77.25294515152675,48.55754536841429
2024-02-05 07:00:00,34.93748503691894,18.949409797198747,45.060082995738014,28.109440553226257
2024-02-05 08:00:00,25.04390020662485,32.73849800418539,63.84444173001106,35.73766382219729
2024-02-05 09:00:00,26.907700346400876,27.91621625310412,51.51470769149239,3.422522628300839
2024-02-05 10:00:00,16.34152954776855,20.7181357847832,69.39786442247257,20.883349790849735
2024-02-05 11:00:00,29.999209407983557,31.318938779372345,44.42393477361041,5.817924258224794
2024-02-05 12:00:00,19.198111861911716,32.22739992726872,41.49557674408955,30.63979177682552
2024-02-05 13:00:00,32.96108578881427,31.930286773805562,85.09434520052622,46.92410791070773
2024-02-05 14:00:00,19.102792809640142,33.378530672791086,36.10822097697221,33.08888662358193
2024-02-05 15:00:00,18.81375441327333,20.04482040346723,60.3574744640959,3.8401524157210765
2024-02-05 16:00:00,15.730993356961898,30.100838574925568,43.251166977780535,17.733310249254142
2024-02-05 17:00:00,24.441338902199984,24.2107899454828,32.335797799540046,27.533168972042578
2024-02-05 18:00:00,26.29682266525233,31.83997105780123,32.161129097485585,20.160387806662612
2024-02-05 19:00:00,16.31417278856705,29.569813543232264,40.51330632634964,41.68220052375862
2024-02-05 20:00:00,30.51055233390021,30.528948929994492,82.00622127036002,40.73355023549946
2024-02-05 21:00:00,24.065776694960554,28.12323675362143,46.9487246386216,30.591551005161072
2024-02-05 22:00:00,25.4878053865516,18.548575389394138,87.02755023451775,18.672897256635263
2024-02-05 23:00:00,23.81525493876456,25.900538377938766,64.89733757935161,12.766818688162207
2024-02-06 00:00:00,23.01526121750652,34.69339479049016,56.196851386125964,5.2937159106564655
2024-02-06 01:00:00,26.19280662616436,33.74776132994238,64.80533008016727,17.7448841743277
2024-02-06 02:00:00,18.10480491861425,15.863474715940233,61.00190311357606,20.658625860385975
2024-02-06 03:00:00,18.63856260990542,18.296296314588744,75.5265752254395,33.79114625520368
2024-02-06 04:00:00,32.235712420270346,17.63457546909124,46.949763958371136,32.90799121487867
2024-02-06 05:00:00,33.922309242672654,29.51959819970591,51.183023496018144,3.5054069820628477
2024-02-06 06:00:00,22.46618632559506,31.3557065971389,83.64565815199504,19.762965771557887
2024-02-06 07:00:00,20.414893462871078,19.270227326213437,86.78739078902433,9.088943360868097
2024-02-06 08:00:00,27.879990864780314,25.11705385903658,83.55349364918847,7.840635265840285
2024-02-06 09:00:00,23.17468342196193,31.814060560224,55.16687963743881,41.36510748686229
2024-02-06 10:00:00,15.507727113206897,29.65603089532501,76.82193018041289,2.0957608358128765
2024-02-06 11:00:00,18.12305194732381,25.844744109836967,58.58014399806593,20.959143795106066
2024-02-06 12:00:00,29.31944457694795,26.806953809175457,59.85239112876613,8.41018278832591
2024-02-06 13:00:00,28.178478838203027,25.1672109383256,42.28080654343704,43.9665107839237
2024-02-06 14:00:00,15.54191985006967,20.950969026376413,65.46781819551099,27.852025663751757
2024-02-06 15:00:00,19.43944323865899,26.300439857180322,41.16815386520088,11.5690318188424
2024-02-06 16:00:00,19.62149593176143,28.777706041001814,49.89388194403163,25.12136435831882
2024-02-06 17:00:00,28.43785487197457,32.46645831721615,81.3018120971961,36.574317985155794
2024-02-06 18:00:00,15.394210755087283,27.72582707958496,42.424548552651316,47.90590044597169
2024-02-06 19:00:00,17.082171639691477,30.22243074086316,34.269497110405965,11.022300212270947
2024-02-06 20:00:00,30.998321707463788,18.20143269909146,34.14045555676898,44.309088606467256
2024-02-06 21:00:00,18.570893241086672,24.231149488395797,86.44707123018648,46.71520570837451
2024-02-06 22:00:00,28.054922157037495,15.186632396541865,60.415226277710076,45.82102722660331
2024-02-06 23:00:00,19.76365562093453,19.93357729043246,54.5647243090211,31.770717843095493
2024-02-07 00:00:00,16.988827855186905,29.529234302260097,78.6527148604751,31.491032721735383
2024-02-07 01:00:00,19.86344381998908,34.83619902698727,80.14955567463096,20.16053165919114
2024-02-07 02:00:00,29.44533863711318,16.983561991744317,49.93146198693628,37.619894115189396
2024-02-07 03:00:00,32.11392936212572,23.029886317225767,71.6170834484277,26.564700917546595
2024-02-07 04:00:00,31.604397291339833,31.00141937398319,76.2673689511132,33.871903561414726
2024-02-07 05:00:00,22.943670592369095,19.080712692577976,69.27904121195726,21.42289519243977
2024-02-07 06:00:00,28.361702731412922,26.101698986045726,39.095704488005964,36.574823202156956
2024-02-07 07:00:00,19.09968590831642,29.661425920593494,82.55298501102342,41.22357588022745
2024-02-07 08:00:00,20.862954605220267,27.31970900520358,62.34567316416052,7.321812830140805
2024-02-07 09:00:00,32.9267163704224,18.760494692308324,46.94834558220022,41.6464857787114
2024-02-07 10:00:00,15.26003847021472,22.107691373714786,55.513691126261634,27.014826589515362
2024-02-07 11:00:00,16.71017061708936,30.675835689707945,32.25426542393444,42.233295454511214
2024-02-07 12:00:00,19.157725102920544,26.084530282640333,37.672008073345054,21.56508531705073
2024-02-07 13:00:00,15.530644077476394,15.104592270858255,75.93280503095164,18.952024269151753
2024-02-07 14:00:00,18.628708701795947,30.219815200561875,30.000698085321968,45.75303662586112
2024-02-07 15:00:00,26.66083121939384,15.706227098804781,54.993949708937535,12.558463377420065
2024-02-07 16:00:00,23.428491011849957,29.914675654624645,61.35061086513531,42.210616264307156
2024-02-07 17:00:00,32.8534342215395,19.04961120330475,33.278065200058336,24.201028625470205
2024-02-07 18:00:00,31.34887123476882,34.161469602387605,88.38468977833998,25.704772127562986
2024-02-07 19:00:00,21.83634703395752,22.35881502604169,43.56751987498032,15.4234140744742
2024-02-07 20:00:00,20.188468668625852,21.538632326761583,48.25192317817685,28.652110030950784
2024-02-07 21:00:00,22.59384816334534,17.977761006648894,48.23655073530164,16.260559813810566
2024-02-07 22:00:00,26.805898850296153,21.112084309804295,43.824999727040996,1.9634707120826156
2024-02-07 23:00:00,20.361272816457525,32.53301523656401,30.088429325178684,13.599930267217802
2024-02-08 00:00:00,27.482978156982682,34.926686752544946,73.76068764527977,0.31895217032953393
2024-02-08 01:00:00,23.18823304382481,22.366190610136968,88.01072998795712,48.91773935284283
2024-02-08 02:00:00,26.040943617039606,23.97221261909085,43.4576089971027,48.287360490987375
2024-02-08 03:00:00,23.722530582706334,29.441418764054742,69.78283150820535,19.75776487361525
2024-02-08 04:00:00,20.889315190838353,32.723915609301486,74.51377961752291,36.4185427169823
2024-02-08 05:00:00,33.96906613924313,26.860886683735682,80.90552274543148,17.290304920521248
2024-02-08 06:00:00,30.272115883195216,22.830513963556587,55.357751820816546,33.5546578542988
2024-02-08 07:00:00,17.802263515329052,23.252436816972477,48.17585433842575,40.27150215229896
2024-02-08 08:00:00,32.36935951795826,28.912362929936137,49.517708041381866,47.33781223461204
2024-02-08 09:00:00,24.748623964990273,15.064365272085574,72.75727998591077,20.0106137924836
2024-02-08 10:00:00,32.891044537881825,27.391786749196815,79.00676799033816,39.16489914780239
2024-02-08 11:00:00,30.997105118946305,22.109860208827147,40.89683806539616,13.29642253160594
2024-02-08 12:00:00,23.50427008938467,30.883946625541686,52.25646048946591,49.51661518968242
2024-02-08 13:00:00,15.449386166402348,16.85981279646264,84.116411804949,1.2884799382175571
2024-02-08 14:00:00,20.37354718769892,26.76404533896781,78.40161118168436,30.17644032505605
2024-02-08 15:00:00,25.83268429321734,24.619457797722475,89.09150416574855,32.97529908256636
2024-02-08 16:00:00,27.669564396522944,27.846510518104548,75.25489558092485,34.402277853706444
2024-02-08 17:00:00,20.157753708664046,16.297071889659367,53.59171206167534,6.019378939454451
2024-02-08 18:00:00,17.78712148145648,26.599675748562625,65.43827003967826,46.92648917365652
2024-02-08 19:00:00,31.69860473598598,26.229691759190473,69.66085525483922,9.05916395250414
2024-02-08 20:00:00,34.68804361407104,26.213201888323418,34.70734897902744,31.137670161992055
2024-02-08 21:00:00,25.513803646053717,27.069753331929096,62.669817546231904,11.133803956154248
2024-02-08 22:00:00,18.43358571696607,28.529358744527244,72.55924970835657,15.360820851063545
2024-02-08 23:00:00,20.44614653038738,31.099779993615396,40.039278240063624,27.322927086406217
2024-02-09 00:00:00,15.367813530949334,20.396414402564286,76.83790304553344,20.859670928228823
2024-02-09 01:00:00,33.28597613120998,31.500988203601242,65.0263668308467,8.011280048825315
2024-02-09 02:00:00,17.355021657802823,24.96511364526907,87.13330714185568,8.546820121042414
2024-02-09 03:00:00,26.53032951028507,16.541165582686624,32.5453378924135,20.907239408139983
2024-02-09 04:00:00,20.48110441374412,16.171018584879583,45.919568253328016,37.86414891377504
2024-02-09 05:00:00,26.083560050315867,21.684766373921214,66.09323275798944,44.89823234238943
2024-02-09 06:00:00,28.028407767037287,30.69793954222935,47.79359473235584,4.206383112969142
2024-02-09 07:00:00,31.594836074144034,29.153618694818313,72.86544984427454,19.655195377970053
2024-02-09 08:00:00,19.128425435212066,30.77229929344813,75.54031695131586,5.012278186143831
2024-02-09 09:00:00,15.219916573169609,25.345381128832187,36.150957843988465,0.8296240316298942
2024-02-09 10:00:00,17.737712601376145,23.80397995910981,60.831267852406064,33.08593413219783
2024-02-09 11:00:00,33.0003728369621,17.94905053412568,60.53343333546336,30.12247209832939
2024-02-09 12:00:00,32.47780155125031,21.56385507218623,52.156846212932464,8.150955690744311
2024-02-09 13:00:00,26.948262043406167,23.680387323477504,85.97549175418033,11.690641654653206
2024-02-09 14:00:00,27.010337208673068,16.772008593592346,79.65037919239327,1.185387682225919
2024-02-09 15:00:00,28.30073349092511,19.412239054224223,71.8325629145782,41.74736028472019
2024-02-09 16:00:00,18.507425572468993,26.964505881274775,72.85959814409986,48.73452980242757
2024-02-09 17:00:00,33.2882389184992,29.713262284783795,57.70296862878715,6.7729768397345405
2024-02-09 18:00:00,23.375410497841465,34.966950227858995,85.25967126579455,11.573760688264906
2024-02-09 19:00:00,22.66277056498995,33.66226662687116,71.67572563519713,43.4204761973467
2024-02-09 20:00:00,25.37835410565675,27.85130399070383,73.738863699349,46.32318989780924
2024-02-09 21:00:00,15.9393193355011,23.42496106588144,81.70145422724072,20.981369140340515
2024-02-09 22:00:00,18.32566737512159,27.723547294164653,46.444295360531456,2.5311236134537065
2024-02-09 23:00:00,29.76067232852741,30.71303236160464,78.42425423200217,1.96959168464097
2024-02-10 00:00:00,16.65597335850253,17.366723818467747,41.71443617738952,28.69749330345052
2024-02-10 01:00:00,27.063042189327764,23.198097793925765,50.72051713469327,19.64475544465895
2024-02-10 02:00:00,19.90698219362642,31.796045712712345,50.136627256190565,1.4326213788827258
2024-02-10 03:00:00,22.785912280839533,22.67665903866088,88.71152810334843,29.16261961562784
2024-02-10 04:00:00,20.773874735413997,26.437445424543732,81.39223342487561,0.5651268294511236
2024-02-10 05:00:00,22.113454329298982,26.755387217243964,72.07019169541559,39.368597907463645
2024-02-10 06:00:00,29.38091810368491,18.689525062672786,73.62340569692341,15.321641135168578
2024-02-10 07:00:00,20.9424343124635,22.244708833045767,63.724367664154265,2.012900150461605
2024-02-10 08:00:00,26.328092805937942,21.690225774838645,86.82544002651115,29.417611049157667
2024-02-10 09:00:00,24.521008043981993,15.523934170641295,59.77552517294169,19.884220721652735
2024-02-10 10:00:00,28.273423307252962,15.483835277827104,52.831062592193675,48.690020667857475
2024-02-10 11:00:00,33.73659478649516,31.63394087351547,39.78212021589546,27.20993312518511
2024-02-10 12:00:00,29.651441944205004,20.46141619945625,77.17233913566348,13.761959051850415
2024-02-10 13:00:00,19.298807571815136,25.36157532477631,74.06663592453549,35.47194323169874
2024-02-10 14:00:00,15.623662701225694,20.97451147177546,53.06130231144809,13.574600127135566
2024-02-10 15:00:00,20.2452808859965,33.813584902306815,31.51160483755376,45.212164570378256
2024-02-10 16:00:00,26.901558614005097,20.185935177315475,80.33983966308065,18.73609852536882
2024-02-10 17:00:00,16.028516269685007,23.593136254778702,30.68507900724442,27.49342813881026
2024-02-10 18:00:00,24.927324944024726,32.45460500969204,72.22198677774306,2.5286551912114428
2024-02-10 19:00:00,26.936856978337786,31.838671335836175,88.21542658356341,21.30606189761154
2024-02-10 20:00:00,21.684877816339217,18.722028356925545,56.259679688892206,41.61817698304975
2024-02-10 21:00:00,30.418244074916437,31.05286619591421,44.09840429975716,40.28244026816709
2024-02-10 22:00:00,17.131965062675437,24.163737734757852,72.29226060260291,11.215927942676313
2024-02-10 23:00:00,16.502755634716173,24.659377441707104,79.0276885209351,11.303953550528135
2024-02-11 00:00:00,29.563775124072066,17.669599448318877,62.78581896467084,40.86526561066184
2024-02-11 01:00:00,24.90982632412397,16.612030275142494,88.02211651536877,46.51992100846628
2024-02-11 02:00:00,28.768047928554722,29.558786139475302,33.100123299477666,4.768046063650178
2024-02-11 03:00:00,23.696546772074925,24.929223047105996,60.28773589827169,22.502931971311263
2024-02-11 04:00:00,19.928040664782138,23.737014052303593,73.107236839353,16.872713948211448
2024-02-11 05:00:00,31.382046353483993,29.590164573047936,81.75842826895074,43.53442277287197
2024-02-11 06:00:00,30.988317579379583,30.310257979822197,40.755336714467404,4.176245734000938
2024-02-11 07:00:00,28.893929417088536,18.17816335338707,78.00020890582088,10.556297127901871
2024-02-11 08:00:00,20.44290274459925,27.204502989552825,63.162424543112714,37.623416879324715
2024-02-11 09:00:00,26.804613337381742,17.70708164555371,53.7932209193978,2.564692449060779
2024-02-11 10:00:00,22.219477938800537,30.027501720580915,37.90290171474561,24.626769035714464
2024-02-11 11:00:00,16.831641466532684,28.139103125342793,81.91774553453475,22.105351733986
2024-02-11 12:00:00,33.34627150924486,34.13229242166916,39.43639249078292,16.720058949437433
2024-02-11 13:00:00,17.736372618379228,16.379160327128425,48.58727155254596,19.728615765946188
2024-02-11 14:00:00,34.00474707641605,16.141094423025088,47.40273191774621,26.497029346511646
2024-02-11 15:00:00,23.920115459159113,20.643741493864002,82.28484205145125,8.068367919419156
